district_raw,source_file,pages,winner_records,reservation_labels_present,reservation_category_mapped,women_reservation_mapped,missing_block_records,rows_with_repeated_seat_labels,decode_issue_cells,duplicate_content_records
Aurangabad,winners/Aurangabad/Aurangabad_GPM.pdf,17,310,310,232,272,0,214,2,106
BEGUSARAI,winners/BEGUSARAI/BEGUSARAI_GPM.pdf,21,244,243,176,175,6,31,1,12
BHAGALPUR,winners/BHAGALPUR/BHAGALPUR_GPM.pdf,11,147,147,129,112,0,2,0,0
BHOJPUR,winners/BHOJPUR/BHOJPUR_GPM.pdf,12,182,182,151,0,0,0,0,0
BUXAR,winners/BUXAR/BUXAR_GPM.pdf,5,57,57,56,54,0,6,0,0
GAYA,winners/GAYA/GAYA_GPM.pdf,26,338,338,174,260,0,25,0,0
GOPALGANJ,winners/GOPALGANJ/GOPALGANJ_GPM.pdf,13,206,206,164,133,0,0,1,0
JAMUI,winners/JAMUI/JAMUI_GPM.pdf,2,17,17,17,15,0,0,0,0
JEHANABAD,winners/JEHANABAD/JEHANABAD_GPM.pdf,7,91,91,90,77,0,2,1,0
KAIMUR,winners/KAIMUR/KAIMUR_GPM.pdf,11,150,150,126,3,0,14,0,0
KATIHAR,winners/KATIHAR/KATIHAR_GPM.pdf,20,249,249,207,193,0,37,0,0
KHAGARIA,winners/KHAGARIA/KHAGARIA_GPM.pdf,9,128,128,121,124,0,0,0,0
KISHANGANJ,winners/KISHANGANJ/KISHANGANJ_GPM.pdf,9,125,125,89,77,0,8,0,0
Lakhisaray,winners/Lakhisaray/Lakhisaray_GPM.pdf,8,80,80,79,0,0,4,0,0
MADHUBANI,winners/MADHUBANI/MADHUBANI_GPM.pdf,12,162,162,104,95,22,0,0,0
NALANDA,winners/NALANDA/NALANDA_GPM.pdf,13,149,149,135,102,0,0,0,0
PATNA,winners/PATNA/PATNA_GPM.pdf,24,325,325,277,257,0,84,0,3
ROHTAS,winners/ROHTAS/ROHTAS_GPM.pdf,19,245,245,225,204,0,16,0,0
SAHARSA,winners/SAHARSA/SAHARSA_GPM.pdf,18,302,302,230,268,0,302,0,151
SAMASTIPUR,winners/SAMASTIPUR/SAMASTIPUR_GPM.pdf,9,138,138,83,68,0,18,0,0
SARAN,winners/SARAN/SARAN_GPM.pdf,22,325,324,270,278,3,4,0,0
SIWAN,winners/SIWAN/SIWAN_GPM.pdf,17,276,276,154,182,15,74,0,28
W.CHAMPARAN,winners/W.CHAMPARAN/W.CHAMPARAN_GPM.pdf,6,74,74,47,34,0,0,0,0
