column,type,description
panchayat_raw,string,Printed panchayat name; no fuzzy geography correction
candidate_name,string,"Decoded candidate name, preserving spelling and honorifics"
relative_name,string,Printed father/husband name; relationship not distinguished
address_raw,string,"Decoded address as reported, possibly including phone numbers in workbook"
reservation_raw,string,Reported seat reservation; distinct from candidate category
gender_raw,string,"Source gender spelling, even where it conflicts with another source"
age_raw,string,Unrecoded source cell for age
category_raw,string,"Reported candidate social category, not seat reservation"
phone_raw,string,Printed phone cell; malformed numbers retained as text
occupation_raw,string,"Reported occupation, including malformed overflow text"
annual_income_raw,string,Unrecoded source cell for annual_income
sons_raw,string,Unrecoded source cell for sons
daughters_raw,string,Unrecoded source cell for daughters
previous_office_2001_raw,string,Source claim about elected office in 2001; blank is not coded no
previous_office_2006_raw,string,Source claim about elected office in 2006; blank is not coded no
education_raw,string,Reported qualification; no degree threshold imputed
block_raw,string,English block label as printed; capitalization retained
block,string,Hindi crosswalk available for Gaya only; otherwise null
source_file,string,Path relative to data/2011/raw/central_handoff
source_page,int64,"Original PDF page, one-based"
source_box,string,"JSON [left, top, right, bottom] in PDF points, top-origin"
record_id,string,Source-record identifier; not a verified person or seat identifier
collection_year,int64,Year of historical handoff folder; not independently verified election year
election_year,int64,"2011, based on maintainer confirmation and prior-election headings"
year_basis,string,Year evidence; see data/provenance/2011_report_year.json
district_raw,string,District folder label; source file/page retained for verification
office,string,"mukhiya, identified by the printed office heading"
outcome,string,Outcome asserted by this source; contradictory sources remain separate
source_serial,int64,Printed PDF serial; consecutive within the report
source_sha256,string,SHA-256 of original source document
decode_issue_count,int64,Cells set to null because glyph ordering could not be resolved; see issues.csv
missing_block,bool,No readable block label recovered from heading; no carry-forward or address-based inference
seat_label_repeated,bool,Repeated literal block/panchayat label within district; null if either label is missing
name_within_block_repeated,bool,Repeated literal name within district/block; null if name or block missing
gender,string,female/male/other from explicit source labels; no name inference
reservation_category,string,Exact reviewed source-label mapping to unreserved/SC/ST/BC/EBC; ambiguous labels null
reservation_women,bool,True for explicit female label; false for explicit other/male; otherwise null
duplicate_of_record_id,string,First record with identical decoded source cells and block in this PDF; null for first occurrence or any decoding failure
age,int64,Reported age in years; values outside 18-120 left null
annual_income,int64,Reported annual income; currency not explicit in the printed heading
sons,int64,Reported number of sons; zero retained
daughters,int64,Reported number of daughters; zero retained
