source_file,source_serial,source_page,field,kind,detail,source_box
winners/Aurangabad/Aurangabad_GPM.pdf,135,8,annual_income_raw,unresolved_glyph_order,Unresolved reph: '50000\ue000',"[561.6, 464.6, 613.8, 484.1]"
winners/Aurangabad/Aurangabad_GPM.pdf,155,9,annual_income_raw,unresolved_glyph_order,Unresolved reph: '50000\ue000',"[561.6, 406.1, 613.8, 425.6]"
winners/Aurangabad/Aurangabad_GPM.pdf,79,5,daughters,invalid_numeric,2ग्र,"[6.0, 425.6, 821.3, 445.1]"
winners/Aurangabad/Aurangabad_GPM.pdf,99,6,daughters,invalid_numeric,2ग्र,"[6.0, 367.1, 821.3, 386.6]"
winners/Aurangabad/Aurangabad_GPM.pdf,175,10,annual_income,invalid_numeric,130000री,"[6.0, 464.6, 821.3, 484.1]"
winners/Aurangabad/Aurangabad_GPM.pdf,194,11,annual_income,invalid_numeric,130000री,"[6.0, 386.6, 821.3, 406.1]"
winners/Aurangabad/Aurangabad_GPM.pdf,258,15,daughters,invalid_numeric,5ग्र,"[6.0, 367.1, 821.3, 386.6]"
winners/BEGUSARAI/BEGUSARAI_GPM.pdf,43,3,reservation_raw,unresolved_glyph_order,Unresolved reph: 'पिछडा वग्\ue000 अन् य',"[286.2, 346.9, 347.4, 366.4]"
winners/BEGUSARAI/BEGUSARAI_GPM.pdf,35,3,daughters,invalid_numeric,3ग्राम पं,"[6.0, 190.9, 821.3, 210.4]"
winners/BEGUSARAI/BEGUSARAI_GPM.pdf,54,4,daughters,invalid_numeric,0पं,"[6.0, 288.4, 821.3, 307.9]"
winners/BEGUSARAI/BEGUSARAI_GPM.pdf,85,7,daughters,invalid_numeric,4पं,"[6.0, 190.9, 821.3, 210.4]"
winners/BEGUSARAI/BEGUSARAI_GPM.pdf,108,9,annual_income,invalid_numeric,30000न,"[6.0, 190.9, 821.3, 210.4]"
winners/BEGUSARAI/BEGUSARAI_GPM.pdf,137,12,daughters,invalid_numeric,0ग्र,"[6.0, 171.4, 821.4, 190.9]"
winners/BEGUSARAI/BEGUSARAI_GPM.pdf,163,15,annual_income,invalid_numeric,570000ति,"[6.0, 190.9, 821.3, 210.4]"
winners/BHAGALPUR/BHAGALPUR_GPM.pdf,3,1,daughters,invalid_numeric,0हा,"[6.0, 152.6, 821.4, 172.1]"
winners/BHAGALPUR/BHAGALPUR_GPM.pdf,39,4,daughters,invalid_numeric,2ग्र,"[6.0, 113.6, 821.3, 133.1]"
winners/BHAGALPUR/BHAGALPUR_GPM.pdf,51,4,daughters,invalid_numeric,0ग्र,"[6.0, 347.6, 821.3, 367.1]"
winners/BHAGALPUR/BHAGALPUR_GPM.pdf,55,4,daughters,invalid_numeric,1ग्र,"[6.0, 425.6, 821.3, 445.1]"
winners/BHAGALPUR/BHAGALPUR_GPM.pdf,60,4,daughters,invalid_numeric,2पं,"[6.0, 523.1, 821.3, 542.6]"
winners/BHAGALPUR/BHAGALPUR_GPM.pdf,62,5,annual_income,invalid_numeric,120000ाह,"[6.0, 113.6, 821.5, 133.1]"
winners/BHAGALPUR/BHAGALPUR_GPM.pdf,103,8,daughters,invalid_numeric,0ग्रा,"[6.0, 347.6, 821.3, 367.1]"
winners/BHAGALPUR/BHAGALPUR_GPM.pdf,135,11,daughters,invalid_numeric,0पंचा,"[6.0, 230.6, 821.3, 250.1]"
winners/BHOJPUR/BHOJPUR_GPM.pdf,113,8,daughters,invalid_numeric,1ग्र,"[6.0, 152.6, 821.3, 172.1]"
winners/BHOJPUR/BHOJPUR_GPM.pdf,118,8,daughters,invalid_numeric,2ग्र,"[6.0, 250.1, 821.3, 269.6]"
winners/BHOJPUR/BHOJPUR_GPM.pdf,119,8,daughters,invalid_numeric,0ग्र,"[6.0, 269.6, 821.3, 289.1]"
winners/BHOJPUR/BHOJPUR_GPM.pdf,121,8,daughters,invalid_numeric,1ग्र,"[6.0, 308.6, 821.3, 328.1]"
winners/BHOJPUR/BHOJPUR_GPM.pdf,126,8,daughters,invalid_numeric,2ग्र,"[6.0, 406.1, 821.3, 425.6]"
winners/BHOJPUR/BHOJPUR_GPM.pdf,179,12,daughters,invalid_numeric,0ग्र,"[6.0, 347.6, 821.3, 367.1]"
winners/BUXAR/BUXAR_GPM.pdf,1,1,daughters,invalid_numeric,2ग्र,"[6.0, 112.9, 821.5, 132.4]"
winners/BUXAR/BUXAR_GPM.pdf,24,4,daughters,invalid_numeric,3मुखिय,"[6.0, 132.4, 821.3, 151.9]"
winners/BUXAR/BUXAR_GPM.pdf,26,4,daughters,invalid_numeric,0मुखिया,"[6.0, 171.4, 821.3, 190.9]"
winners/BUXAR/BUXAR_GPM.pdf,33,4,daughters,invalid_numeric,0मुखिया,"[6.0, 307.9, 821.3, 327.4]"
winners/BUXAR/BUXAR_GPM.pdf,35,4,daughters,invalid_numeric,2मुखि,"[6.0, 346.9, 821.3, 366.4]"
winners/GAYA/GAYA_GPM.pdf,54,5,daughters,invalid_numeric,1मु,"[6.0, 366.4, 821.3, 385.9]"
winners/GAYA/GAYA_GPM.pdf,70,6,daughters,invalid_numeric,1पं,"[6.0, 307.9, 821.3, 327.4]"
winners/GAYA/GAYA_GPM.pdf,95,8,daughters,invalid_numeric,0पं,"[6.0, 210.4, 821.4, 229.9]"
winners/GAYA/GAYA_GPM.pdf,102,9,daughters,invalid_numeric,3ग्र,"[6.0, 210.4, 821.4, 229.9]"
winners/GAYA/GAYA_GPM.pdf,103,9,age,invalid_numeric,0,"[6.0, 229.9, 821.4, 249.4]"
winners/GAYA/GAYA_GPM.pdf,107,9,age,invalid_numeric,0,"[6.0, 307.9, 821.4, 327.4]"
winners/GAYA/GAYA_GPM.pdf,129,11,age,invalid_numeric,1980,"[6.0, 132.4, 821.4, 151.9]"
winners/GAYA/GAYA_GPM.pdf,130,11,age,invalid_numeric,1972,"[6.0, 151.9, 821.4, 171.4]"
winners/GAYA/GAYA_GPM.pdf,131,11,age,invalid_numeric,1966,"[6.0, 171.4, 821.4, 190.9]"
winners/GAYA/GAYA_GPM.pdf,144,12,daughters,invalid_numeric,0पं,"[6.0, 190.9, 821.3, 210.4]"
winners/GAYA/GAYA_GPM.pdf,145,12,age,invalid_numeric,15,"[6.0, 210.4, 821.3, 229.9]"
winners/GAYA/GAYA_GPM.pdf,178,14,annual_income,invalid_numeric,35000ाय,"[6.0, 229.9, 821.3, 249.4]"
winners/GAYA/GAYA_GPM.pdf,264,20,annual_income,invalid_numeric,140000ज्ञ,"[6.0, 171.4, 821.4, 190.9]"
winners/GAYA/GAYA_GPM.pdf,281,22,daughters,invalid_numeric,1ग्र,"[6.0, 171.4, 821.4, 190.9]"
winners/GOPALGANJ/GOPALGANJ_GPM.pdf,95,5,previous_office_2001_raw,unresolved_glyph_order,Unresolved reph: '\ue000 सदस्य (उप मुखि',"[669.6, 424.9, 715.2, 444.4]"
winners/GOPALGANJ/GOPALGANJ_GPM.pdf,22,1,daughters,invalid_numeric,0पं,"[6.0, 523.9, 821.3, 543.4]"
winners/GOPALGANJ/GOPALGANJ_GPM.pdf,95,5,daughters,invalid_numeric,2वाड,"[6.0, 424.9, 821.3, 444.4]"
winners/GOPALGANJ/GOPALGANJ_GPM.pdf,119,7,annual_income,invalid_numeric,35000क्रेता,"[6.0, 249.4, 821.3, 268.9]"
winners/JEHANABAD/JEHANABAD_GPM.pdf,58,5,previous_office_2006_raw,unresolved_glyph_order,Unresolved reph: '\ue000 सदस्य एवं उप मुि',"[715.2, 307.9, 765.0, 327.4]"
winners/JEHANABAD/JEHANABAD_GPM.pdf,14,2,age,invalid_numeric,0,"[6.0, 171.4, 821.4, 190.9]"
winners/JEHANABAD/JEHANABAD_GPM.pdf,20,3,age,invalid_numeric,0,"[6.0, 112.9, 821.3, 132.4]"
winners/JEHANABAD/JEHANABAD_GPM.pdf,26,3,age,invalid_numeric,0,"[6.0, 229.9, 821.3, 249.4]"
winners/JEHANABAD/JEHANABAD_GPM.pdf,29,3,age,invalid_numeric,0,"[6.0, 288.4, 821.3, 307.9]"
winners/JEHANABAD/JEHANABAD_GPM.pdf,53,5,age,invalid_numeric,0,"[6.0, 210.4, 821.3, 229.9]"
winners/JEHANABAD/JEHANABAD_GPM.pdf,71,6,age,invalid_numeric,0,"[6.0, 132.4, 821.4, 151.9]"
winners/JEHANABAD/JEHANABAD_GPM.pdf,76,6,annual_income,invalid_numeric,25000क,"[6.0, 229.9, 821.4, 249.4]"
winners/JEHANABAD/JEHANABAD_GPM.pdf,76,6,daughters,invalid_numeric,1पं,"[6.0, 229.9, 821.4, 249.4]"
winners/KATIHAR/KATIHAR_GPM.pdf,6,1,annual_income,invalid_numeric,90000ष,"[6.0, 210.4, 821.3, 229.9]"
winners/KATIHAR/KATIHAR_GPM.pdf,48,3,daughters,invalid_numeric,0वार्ड,"[6.0, 483.4, 821.3, 502.9]"
winners/KATIHAR/KATIHAR_GPM.pdf,94,6,daughters,invalid_numeric,2ग्र,"[6.0, 541.9, 821.3, 561.4]"
winners/KATIHAR/KATIHAR_GPM.pdf,107,8,annual_income,invalid_numeric,36000रपंच,"[6.0, 327.4, 821.3, 346.9]"
winners/KATIHAR/KATIHAR_GPM.pdf,111,8,daughters,invalid_numeric,2मुखिया,"[6.0, 405.4, 821.3, 424.9]"
winners/KATIHAR/KATIHAR_GPM.pdf,127,10,annual_income,invalid_numeric,200000र,"[6.0, 151.9, 821.4, 171.4]"
winners/KATIHAR/KATIHAR_GPM.pdf,132,11,daughters,invalid_numeric,4मुि,"[6.0, 132.4, 821.5, 151.9]"
winners/KATIHAR/KATIHAR_GPM.pdf,138,12,daughters,invalid_numeric,1वा,"[6.0, 151.9, 821.3, 171.4]"
winners/KATIHAR/KATIHAR_GPM.pdf,156,12,annual_income,invalid_numeric,150000ा,"[6.0, 502.9, 821.3, 522.4]"
winners/KATIHAR/KATIHAR_GPM.pdf,161,13,annual_income,invalid_numeric,65000ा,"[6.0, 151.9, 821.4, 171.4]"
winners/KATIHAR/KATIHAR_GPM.pdf,206,16,annual_income,invalid_numeric,81000ींग,"[6.0, 288.4, 821.4, 307.9]"
winners/KISHANGANJ/KISHANGANJ_GPM.pdf,42,4,age,invalid_numeric,3,"[6.0, 191.6, 821.4, 211.1]"
winners/KISHANGANJ/KISHANGANJ_GPM.pdf,47,5,daughters,invalid_numeric,1ग्र,"[6.0, 133.1, 821.3, 152.6]"
winners/KISHANGANJ/KISHANGANJ_GPM.pdf,50,5,daughters,invalid_numeric,1ग्र,"[6.0, 191.6, 821.3, 211.1]"
winners/KISHANGANJ/KISHANGANJ_GPM.pdf,55,5,daughters,invalid_numeric,4ग्र,"[6.0, 289.1, 821.3, 308.6]"
winners/KISHANGANJ/KISHANGANJ_GPM.pdf,56,5,daughters,invalid_numeric,3ग्र,"[6.0, 308.6, 821.3, 328.1]"
winners/KISHANGANJ/KISHANGANJ_GPM.pdf,62,5,daughters,invalid_numeric,3ग्र,"[6.0, 427.1, 821.3, 446.6]"
winners/KISHANGANJ/KISHANGANJ_GPM.pdf,113,9,daughters,invalid_numeric,1ग्र,"[6.0, 250.1, 821.3, 269.6]"
winners/KISHANGANJ/KISHANGANJ_GPM.pdf,121,9,daughters,invalid_numeric,2ग्र,"[6.0, 406.1, 821.3, 425.6]"
winners/Lakhisaray/Lakhisaray_GPM.pdf,5,1,daughters,invalid_numeric,0ग्र,"[6.0, 190.9, 821.4, 210.4]"
winners/Lakhisaray/Lakhisaray_GPM.pdf,9,1,daughters,invalid_numeric,0ग्र,"[6.0, 268.9, 821.4, 288.4]"
winners/Lakhisaray/Lakhisaray_GPM.pdf,31,4,age,invalid_numeric,0,"[6.0, 132.4, 821.4, 151.9]"
winners/Lakhisaray/Lakhisaray_GPM.pdf,32,4,age,invalid_numeric,0,"[6.0, 151.9, 821.4, 171.4]"
winners/Lakhisaray/Lakhisaray_GPM.pdf,33,4,age,invalid_numeric,0,"[6.0, 171.4, 821.4, 190.9]"
winners/Lakhisaray/Lakhisaray_GPM.pdf,34,4,age,invalid_numeric,0,"[6.0, 190.9, 821.4, 210.4]"
winners/Lakhisaray/Lakhisaray_GPM.pdf,35,4,age,invalid_numeric,0,"[6.0, 210.4, 821.4, 229.9]"
winners/Lakhisaray/Lakhisaray_GPM.pdf,36,4,age,invalid_numeric,0,"[6.0, 229.9, 821.4, 249.4]"
winners/Lakhisaray/Lakhisaray_GPM.pdf,37,4,age,invalid_numeric,0,"[6.0, 249.4, 821.4, 268.9]"
winners/Lakhisaray/Lakhisaray_GPM.pdf,38,4,age,invalid_numeric,0,"[6.0, 268.9, 821.4, 288.4]"
winners/Lakhisaray/Lakhisaray_GPM.pdf,39,4,age,invalid_numeric,0,"[6.0, 288.4, 821.4, 307.9]"
winners/MADHUBANI/MADHUBANI_GPM.pdf,70,5,daughters,invalid_numeric,4पं,"[6.0, 484.1, 821.3, 503.6]"
winners/MADHUBANI/MADHUBANI_GPM.pdf,92,7,daughters,invalid_numeric,3प,"[6.0, 409.1, 821.3, 428.6]"
winners/MADHUBANI/MADHUBANI_GPM.pdf,110,9,annual_income,invalid_numeric,100000र्य,"[6.0, 250.1, 821.3, 269.6]"
winners/NALANDA/NALANDA_GPM.pdf,1,1,annual_income,invalid_numeric,100000ानदार,"[6.0, 112.9, 821.3, 132.4]"
winners/NALANDA/NALANDA_GPM.pdf,20,2,age,invalid_numeric,0,"[6.0, 112.9, 821.4, 132.4]"
winners/NALANDA/NALANDA_GPM.pdf,21,2,age,invalid_numeric,0,"[6.0, 132.4, 821.4, 151.9]"
winners/NALANDA/NALANDA_GPM.pdf,22,2,age,invalid_numeric,0,"[6.0, 151.9, 821.4, 171.4]"
winners/NALANDA/NALANDA_GPM.pdf,23,2,age,invalid_numeric,0,"[6.0, 171.4, 821.4, 190.9]"
winners/NALANDA/NALANDA_GPM.pdf,24,2,age,invalid_numeric,0,"[6.0, 190.9, 821.4, 210.4]"
winners/NALANDA/NALANDA_GPM.pdf,25,2,age,invalid_numeric,0,"[6.0, 210.4, 821.4, 229.9]"
winners/NALANDA/NALANDA_GPM.pdf,26,2,age,invalid_numeric,0,"[6.0, 229.9, 821.4, 249.4]"
winners/NALANDA/NALANDA_GPM.pdf,27,2,age,invalid_numeric,0,"[6.0, 249.4, 821.4, 268.9]"
winners/NALANDA/NALANDA_GPM.pdf,28,2,age,invalid_numeric,0,"[6.0, 268.9, 821.4, 288.4]"
winners/NALANDA/NALANDA_GPM.pdf,61,5,age,invalid_numeric,0,"[6.0, 151.9, 821.3, 171.4]"
winners/NALANDA/NALANDA_GPM.pdf,64,5,age,invalid_numeric,16,"[6.0, 210.4, 821.3, 229.9]"
winners/NALANDA/NALANDA_GPM.pdf,97,8,age,invalid_numeric,0,"[6.0, 288.4, 821.3, 307.9]"
winners/NALANDA/NALANDA_GPM.pdf,130,12,age,invalid_numeric,0,"[6.0, 132.4, 821.3, 151.9]"
winners/PATNA/PATNA_GPM.pdf,14,2,annual_income,invalid_numeric,40000ा,"[6.0, 210.4, 821.3, 229.9]"
winners/PATNA/PATNA_GPM.pdf,132,11,daughters,invalid_numeric,1पंच,"[6.0, 171.4, 821.3, 190.9]"
winners/PATNA/PATNA_GPM.pdf,158,12,annual_income,invalid_numeric,60000क्षक,"[6.0, 348.4, 821.3, 367.9]"
winners/PATNA/PATNA_GPM.pdf,239,18,daughters,invalid_numeric,4पं,"[6.0, 310.9, 821.3, 330.4]"
winners/PATNA/PATNA_GPM.pdf,243,18,annual_income,invalid_numeric,136000ाय,"[6.0, 388.9, 821.3, 408.4]"
winners/PATNA/PATNA_GPM.pdf,243,18,daughters,invalid_numeric,2पं,"[6.0, 388.9, 821.3, 408.4]"
winners/PATNA/PATNA_GPM.pdf,246,19,annual_income,invalid_numeric,400000र्ता,"[6.0, 151.9, 821.3, 171.4]"
winners/PATNA/PATNA_GPM.pdf,261,19,annual_income,invalid_numeric,40000ा,"[6.0, 444.4, 821.3, 463.9]"
winners/PATNA/PATNA_GPM.pdf,282,20,annual_income,invalid_numeric,100000स,"[6.0, 483.4, 821.3, 502.9]"
winners/PATNA/PATNA_GPM.pdf,282,20,daughters,invalid_numeric,0ि,"[6.0, 483.4, 821.3, 502.9]"
winners/PATNA/PATNA_GPM.pdf,298,22,daughters,invalid_numeric,2ग्र,"[6.0, 210.4, 821.4, 229.9]"
winners/PATNA/PATNA_GPM.pdf,301,22,age,invalid_numeric,0,"[6.0, 268.9, 821.4, 288.4]"
winners/ROHTAS/ROHTAS_GPM.pdf,2,1,annual_income,invalid_numeric,140000भ0,"[6.0, 132.4, 821.4, 151.9]"
winners/ROHTAS/ROHTAS_GPM.pdf,100,8,age,invalid_numeric,0,"[6.0, 112.9, 821.3, 132.4]"
winners/ROHTAS/ROHTAS_GPM.pdf,177,13,age,invalid_numeric,436,"[6.0, 229.9, 821.4, 249.4]"
winners/ROHTAS/ROHTAS_GPM.pdf,185,14,age,invalid_numeric,0,"[6.0, 229.9, 821.4, 249.4]"
winners/ROHTAS/ROHTAS_GPM.pdf,244,19,annual_income,invalid_numeric,65000र्ता,"[6.0, 288.4, 821.4, 307.9]"
winners/SAHARSA/SAHARSA_GPM.pdf,18,2,annual_income,invalid_numeric,30000ा,"[6.0, 172.1, 821.3, 191.6]"
winners/SAHARSA/SAHARSA_GPM.pdf,27,2,daughters,invalid_numeric,2ग्र,"[6.0, 347.6, 821.3, 367.1]"
winners/SAHARSA/SAHARSA_GPM.pdf,33,2,annual_income,invalid_numeric,30000ा,"[6.0, 464.6, 821.3, 484.1]"
winners/SAHARSA/SAHARSA_GPM.pdf,42,3,daughters,invalid_numeric,2ग्र,"[6.0, 191.6, 821.4, 211.1]"
winners/SAHARSA/SAHARSA_GPM.pdf,46,4,daughters,invalid_numeric,3ग्र,"[6.0, 133.1, 821.3, 152.6]"
winners/SAHARSA/SAHARSA_GPM.pdf,63,4,daughters,invalid_numeric,3ग्र,"[6.0, 464.6, 821.3, 484.1]"
winners/SAHARSA/SAHARSA_GPM.pdf,111,8,daughters,invalid_numeric,2ग्र,"[6.0, 191.6, 821.3, 211.1]"
winners/SAHARSA/SAHARSA_GPM.pdf,112,8,daughters,invalid_numeric,3ग्र,"[6.0, 211.1, 821.3, 230.6]"
winners/SAHARSA/SAHARSA_GPM.pdf,113,8,daughters,invalid_numeric,2ग्र,"[6.0, 230.6, 821.3, 250.1]"
winners/SAHARSA/SAHARSA_GPM.pdf,122,8,daughters,invalid_numeric,2ग्र,"[6.0, 406.1, 821.3, 425.6]"
winners/SAHARSA/SAHARSA_GPM.pdf,123,8,daughters,invalid_numeric,3ग्र,"[6.0, 425.6, 821.3, 445.1]"
winners/SAHARSA/SAHARSA_GPM.pdf,124,8,daughters,invalid_numeric,2ग्र,"[6.0, 445.1, 821.3, 464.6]"
winners/SAHARSA/SAHARSA_GPM.pdf,131,9,daughters,invalid_numeric,2ग्र,"[6.0, 152.6, 821.3, 172.1]"
winners/SAHARSA/SAHARSA_GPM.pdf,142,9,daughters,invalid_numeric,2ग्र,"[6.0, 367.1, 821.3, 386.6]"
winners/SAHARSA/SAHARSA_GPM.pdf,153,10,daughters,invalid_numeric,2ग्राम,"[6.0, 152.6, 821.3, 172.1]"
winners/SAHARSA/SAHARSA_GPM.pdf,167,10,daughters,invalid_numeric,2ग्राम,"[6.0, 425.6, 821.3, 445.1]"
winners/SAHARSA/SAHARSA_GPM.pdf,185,12,age,invalid_numeric,0,"[6.0, 230.6, 821.3, 250.1]"
winners/SAHARSA/SAHARSA_GPM.pdf,209,13,age,invalid_numeric,0,"[6.0, 250.1, 821.3, 269.6]"
winners/SAHARSA/SAHARSA_GPM.pdf,237,15,daughters,invalid_numeric,1प,"[6.0, 308.6, 821.3, 328.1]"
winners/SAHARSA/SAHARSA_GPM.pdf,238,15,daughters,invalid_numeric,2पं,"[6.0, 328.1, 821.3, 347.6]"
winners/SAHARSA/SAHARSA_GPM.pdf,258,16,daughters,invalid_numeric,1प,"[6.0, 269.6, 821.3, 289.1]"
winners/SAHARSA/SAHARSA_GPM.pdf,259,16,daughters,invalid_numeric,2पं,"[6.0, 289.1, 821.3, 308.6]"
winners/SAHARSA/SAHARSA_GPM.pdf,280,17,daughters,invalid_numeric,2ग्र,"[6.0, 328.1, 821.3, 347.6]"
winners/SAHARSA/SAHARSA_GPM.pdf,281,17,daughters,invalid_numeric,1ग्र,"[6.0, 347.6, 821.3, 367.1]"
winners/SAHARSA/SAHARSA_GPM.pdf,282,17,daughters,invalid_numeric,4ग्र,"[6.0, 367.1, 821.3, 386.6]"
winners/SAHARSA/SAHARSA_GPM.pdf,297,18,daughters,invalid_numeric,2ग्र,"[6.0, 211.1, 821.4, 230.6]"
winners/SAHARSA/SAHARSA_GPM.pdf,298,18,daughters,invalid_numeric,1ग्र,"[6.0, 230.6, 821.4, 250.1]"
winners/SAHARSA/SAHARSA_GPM.pdf,299,18,daughters,invalid_numeric,4ग्र,"[6.0, 250.1, 821.4, 269.6]"
winners/SAMASTIPUR/SAMASTIPUR_GPM.pdf,1,1,age,invalid_numeric,0,"[6.0, 113.6, 821.3, 133.1]"
winners/SAMASTIPUR/SAMASTIPUR_GPM.pdf,51,4,age,invalid_numeric,0,"[6.0, 113.6, 821.4, 133.1]"
winners/SAMASTIPUR/SAMASTIPUR_GPM.pdf,52,4,age,invalid_numeric,0,"[6.0, 133.1, 821.4, 152.6]"
winners/SAMASTIPUR/SAMASTIPUR_GPM.pdf,53,4,age,invalid_numeric,0,"[6.0, 152.6, 821.4, 172.1]"
winners/SAMASTIPUR/SAMASTIPUR_GPM.pdf,54,4,age,invalid_numeric,0,"[6.0, 172.1, 821.4, 191.6]"
winners/SAMASTIPUR/SAMASTIPUR_GPM.pdf,55,4,age,invalid_numeric,0,"[6.0, 191.6, 821.4, 211.1]"
winners/SAMASTIPUR/SAMASTIPUR_GPM.pdf,56,4,age,invalid_numeric,0,"[6.0, 211.1, 821.4, 230.6]"
winners/SAMASTIPUR/SAMASTIPUR_GPM.pdf,57,4,age,invalid_numeric,0,"[6.0, 230.6, 821.4, 250.1]"
winners/SAMASTIPUR/SAMASTIPUR_GPM.pdf,58,4,age,invalid_numeric,0,"[6.0, 250.1, 821.4, 269.6]"
winners/SAMASTIPUR/SAMASTIPUR_GPM.pdf,59,4,age,invalid_numeric,0,"[6.0, 269.6, 821.4, 289.1]"
winners/SAMASTIPUR/SAMASTIPUR_GPM.pdf,60,4,age,invalid_numeric,0,"[6.0, 289.1, 821.4, 308.6]"
winners/SAMASTIPUR/SAMASTIPUR_GPM.pdf,61,4,age,invalid_numeric,0,"[6.0, 308.6, 821.4, 328.1]"
winners/SAMASTIPUR/SAMASTIPUR_GPM.pdf,82,6,age,invalid_numeric,0,"[6.0, 152.6, 821.3, 172.1]"
winners/SARAN/SARAN_GPM.pdf,1,1,age,invalid_numeric,0,"[6.0, 112.9, 821.3, 132.4]"
winners/SARAN/SARAN_GPM.pdf,4,1,annual_income,invalid_numeric,65000भकर्ता,"[6.0, 171.4, 821.3, 190.9]"
winners/SARAN/SARAN_GPM.pdf,47,3,age,invalid_numeric,0,"[6.0, 210.4, 821.3, 229.9]"
winners/SARAN/SARAN_GPM.pdf,51,3,age,invalid_numeric,0,"[6.0, 288.4, 821.3, 307.9]"
winners/SARAN/SARAN_GPM.pdf,70,4,age,invalid_numeric,0,"[6.0, 249.4, 821.3, 268.9]"
winners/SARAN/SARAN_GPM.pdf,74,4,age,invalid_numeric,0,"[6.0, 327.4, 821.3, 346.9]"
winners/SARAN/SARAN_GPM.pdf,112,6,age,invalid_numeric,0,"[6.0, 444.4, 821.3, 463.9]"
winners/SARAN/SARAN_GPM.pdf,113,6,age,invalid_numeric,0,"[6.0, 463.9, 821.3, 483.4]"
winners/SARAN/SARAN_GPM.pdf,115,6,annual_income,invalid_numeric,40000ेवा,"[6.0, 502.9, 821.3, 522.4]"
winners/SARAN/SARAN_GPM.pdf,138,7,daughters,invalid_numeric,2पं,"[6.0, 541.9, 821.3, 561.4]"
winners/SARAN/SARAN_GPM.pdf,141,8,age,invalid_numeric,0,"[6.0, 151.9, 821.3, 171.4]"
winners/SARAN/SARAN_GPM.pdf,145,8,annual_income,invalid_numeric,60000षि,"[6.0, 229.9, 821.3, 249.4]"
winners/SARAN/SARAN_GPM.pdf,149,8,age,invalid_numeric,0,"[6.0, 307.9, 821.3, 327.4]"
winners/SARAN/SARAN_GPM.pdf,184,12,age,invalid_numeric,0,"[6.0, 151.9, 821.3, 171.4]"
winners/SARAN/SARAN_GPM.pdf,207,14,age,invalid_numeric,0,"[6.0, 132.4, 821.3, 151.9]"
winners/SARAN/SARAN_GPM.pdf,226,14,age,invalid_numeric,0,"[6.0, 502.9, 821.3, 522.4]"
winners/SARAN/SARAN_GPM.pdf,260,17,age,invalid_numeric,0,"[6.0, 229.9, 821.4, 249.4]"
winners/SARAN/SARAN_GPM.pdf,262,17,age,invalid_numeric,0,"[6.0, 268.9, 821.4, 288.4]"
winners/SARAN/SARAN_GPM.pdf,295,20,age,invalid_numeric,0,"[6.0, 268.9, 821.3, 288.4]"
winners/SARAN/SARAN_GPM.pdf,307,20,daughters,invalid_numeric,1पं,"[6.0, 504.4, 821.3, 523.9]"
winners/SIWAN/SIWAN_GPM.pdf,62,4,daughters,invalid_numeric,0ग्रा,"[6.0, 190.9, 821.3, 210.4]"
winners/SIWAN/SIWAN_GPM.pdf,68,4,daughters,invalid_numeric,3ग्रा,"[6.0, 307.9, 821.3, 327.4]"
winners/SIWAN/SIWAN_GPM.pdf,70,4,daughters,invalid_numeric,3ग्रा,"[6.0, 346.9, 821.3, 366.4]"
winners/SIWAN/SIWAN_GPM.pdf,71,4,daughters,invalid_numeric,2ग्रा,"[6.0, 366.4, 821.3, 385.9]"
winners/SIWAN/SIWAN_GPM.pdf,76,4,daughters,invalid_numeric,1ग्र,"[6.0, 463.9, 821.3, 483.4]"
winners/SIWAN/SIWAN_GPM.pdf,81,5,daughters,invalid_numeric,4बि,"[6.0, 171.4, 821.3, 190.9]"
winners/SIWAN/SIWAN_GPM.pdf,91,5,annual_income,invalid_numeric,10000ी,"[6.0, 366.4, 821.3, 385.9]"
winners/SIWAN/SIWAN_GPM.pdf,172,10,daughters,invalid_numeric,1पं,"[6.0, 210.4, 821.4, 229.9]"
winners/SIWAN/SIWAN_GPM.pdf,214,13,annual_income,invalid_numeric,450000री,"[6.0, 112.9, 821.3, 132.4]"
winners/SIWAN/SIWAN_GPM.pdf,222,13,annual_income,invalid_numeric,40000ावसाय,"[6.0, 268.9, 821.3, 288.4]"
winners/W.CHAMPARAN/W.CHAMPARAN_GPM.pdf,69,6,daughters,invalid_numeric,3मुखि,"[6.0, 133.1, 821.4, 152.6]"
winners/W.CHAMPARAN/W.CHAMPARAN_GPM.pdf,74,6,daughters,invalid_numeric,1मुखिय,"[6.0, 230.6, 821.4, 250.1]"
