reservation_raw,records,reservation_category,reservation_women
अनारक्षित महिला,549,unreserved,True
अनारक्षित अन् य,458,unreserved,False
अनारक्षित,451,unreserved,
अनारक्षित अन्य,174,unreserved,False
अना0 अन् य,123,unreserved,False
अना0 महिला,103,unreserved,True
सामान् य,100,unreserved,
अनारक्षित महीला,82,unreserved,True
सामान्य,67,unreserved,
अनु0 जाति अन् य,64,SC,False
पिछडा वर्ग,59,BC,
पिछडा वर्ग अन् य,58,BC,False
सामान् य महिला,58,unreserved,True
पिछडा वर्ग महिला,56,BC,True
आरक्षित,55,,
अनुसूचित जाति,50,SC,
अनु0 जाति महिला,46,SC,True
अनु0 जाति,41,SC,
अन् य,39,,False
सामान्य महिला,36,unreserved,True
मुखिया,33,,
अनुसूचित जाति महिला,32,SC,True
अन्य,31,,False
अनुसूचित जाति अन् य,30,SC,False
पिछड़ा वर्ग,30,BC,
अनारक्षित/अन् य,25,unreserved,False
समान् य,24,,
पि0 वर्ग अन् य,22,BC,False
अनारक्षित/महिला,20,unreserved,True
पिछडा वर्ग अन्य,19,BC,False
पिछड़ा वर्ग अन्य,18,BC,False
अना0 म0,17,,
सामान् य महीला,17,unreserved,True
पि0 व0 अन् य,16,BC,False
पिछड़ा वर्ग महिला,16,BC,True
अनुसुचित जाति महिला,15,SC,True
अनुसुचित जाति अन्य,14,SC,False
अनुसुचित जाती,14,,
पिछड़ा वर्ग अन् य,14,BC,False
अत् यन् त पिछडा वर्ग,13,EBC,
अनु० जाति अन्य,13,SC,False
आ0 महिला,13,,True
पि0 वर्ग,13,BC,
पि0 वर्ग महिला,13,BC,True
समान् य महिला,13,,True
अत् यंत पिछडा वर्ग,12,EBC,
अना० अन्य,12,unreserved,False
अनु0 जाति अन्य,12,SC,False
अनुसुचित जाति,12,SC,
पुरुष,12,,False
समान्य,12,,
अ0 पि0 वर्ग,11,,
पुरूष,11,,False
सा0,11,unreserved,
"अनारक्षित, महिला",10,unreserved,True
अनारिक्षत महिला,10,,True
अनुसूचित जाति अन्य,10,SC,False
अना0 अन्य,9,unreserved,False
अन्य महिला,9,,
पिछड़ा वर्ग महीला,9,BC,True
महिला,9,,True
अ0 जा0,8,,
अत् यंत पिछडा वर्ग महिला,8,EBC,True
अनारक्षीत महीला,8,,True
अना० महिला,8,unreserved,True
अनु० जाति,8,SC,
अन् य महिला,8,,
अन् य महीला,8,,
आ0 अन् य,8,,False
अ.जा.,7,,
अना0 अ0,7,,
अनारक्षीत,7,,
अनारक्षीत अन्य,7,,False
अनारिक्षत अन्य,7,,False
अनु० जाति महिला,7,SC,True
अनु० जाती महिला,7,SC,True
आरक्षित अन्य,7,,False
अ.जा. अन् य,6,,False
अ.जा.अन् य,6,,False
अ.जा.महिला,6,,True
अना रक्षित अन् य,6,unreserved,False
अनारक्षित/महीला,6,unreserved,True
अनारक्षीत अन् य,6,,False
अनुसूचित जाती महिला,6,,True
आना० महिला,6,,True
आरक्षीत,6,,
पिछडी जाति,6,,
सा0 महिला,6,unreserved,True
अ0 जा0 अन् य,5,,False
अ0जा0,5,,
अति पिछडा,5,,
अति पिछडा वर्ग,5,EBC,
अत् यंत पिछडा वर्ग अन् य,5,EBC,False
अत्यंत पिछड़ा वर्ग,5,EBC,
अनारक्षित / अन्य,5,unreserved,False
अनारक्षित अनय,5,,
अनु जाति अन् य,5,,False
अनुसुचित जाति महीला,5,SC,True
अनुसूचित जाति महीला,5,SC,True
अनु० जाति महीला,5,SC,True
अनु० जाती अन्य,5,SC,False
आरक्षण,5,,
आरक्षित महिला,5,,True
उपलब्ध नही है,5,,
पि0 व0 महिला,5,BC,True
पिछङा वर्ग अन् य,5,,False
पिछड़ा वर्ग/अन् य,5,BC,False
पिछड्◌ा वर्ग महिला,5,,True
पि० वर्ग अन्य,5,BC,False
महीला,5,,True
समान्य महिला,5,,True
सामान्य पुरुष,5,unreserved,False
सामान्य महीला,5,unreserved,True
अ0 जा0 महिला,4,,True
अ0 पि0 वर्ग महिला,4,,True
अत् यंत पिछडा,4,,
अत्यंत पिछडा वर्ग,4,EBC,
अनराक्षित महिला,4,,True
अना0 महीला,4,unreserved,True
"अनारक्षित, अन्य",4,unreserved,False
अनारक्षित/ महिला,4,unreserved,True
अनारिक्षत अन् य,4,,False
अनु0 जा0 अन् य,4,,False
अनु0 जाति म0,4,,
अनु0 महिला,4,,True
अनुसूचित जाति/अन् य,4,SC,False
अन् य अन् य,4,,False
आरक्षित पि0 व0 अन् य,4,,False
आरक्षित महीला,4,,True
उपलब् ध नही,4,,
पि0 महिला,4,,True
पिछड़ा वर्ग/महिला,4,BC,True
पिछडा वर्ग महीला,4,BC,True
पिछडी जाति महिला,4,,True
पिछरा वर्ग अन्य,4,,False
अ0 ज0 अन् य,3,,False
अ0 पि0 महिला,3,,True
अ0प0 वर्ग,3,,
अत् यंत पि0 वर्ग,3,,
अत्यन्त पिछड़ा वर्ग,3,,
अनराक्षित अन्य,3,,False
अना रक्षित महिला,3,unreserved,True
अना ० अन्य,3,unreserved,False
"अनारक्षित, अन् य",3,unreserved,False
अनारक्षित/अन्य,3,unreserved,False
अनारक्षीत महिला,3,,True
अनु0 जा0 म0,3,,
अनु0 जा0 महिला,3,,True
अनु0 जाति पुरूष,3,SC,False
अनु0 जाति महीला,3,SC,True
अनु0जाति अन् य,3,SC,False
अनु0जाति महिला,3,SC,True
अनुसुचित जाती महिला,3,,True
"अनुसूचित जाति, अन्य",3,SC,False
अनुसूचित जाती,3,,
अनुसूचित जाती अन्य,3,,False
अनु० महिला,3,,True
आना० अन्य०,3,,False
आरक्षित अनु० जाति,3,SC,
आरक्षित पि० वर्ग,3,BC,
आरक्षित/अनु०जाति,3,SC,
पि0 व0 म0,3,,
पि0 वर्ग अन्य,3,BC,False
"पिछड़ा वर्ग, अन्य",3,BC,False
पिछडा अन् य,3,,False
पिछडा वर्ग/ अन्य,3,BC,False
महिला अनारक्षित,3,,True
रिक्त,3,,
अ0 अन् य,2,,False
अ0 पि0 जाति,2,,
अ0 पि0 वर्ग अन् य,2,,False
अ0जा0 महिला,2,,True
अ0पि0वर्ग,2,,
अति पिछडा महिला,2,,True
अति पि० वर्ग,2,,
अतिपिछडा वर्ग महिला,2,EBC,True
अत् यंत पिछडा महिला,2,,True
अत् यंत पिछडा वर्ग महीला,2,EBC,True
अत् यंत पिछडा वर्ग वर्ग,2,,
अत् यन् त पि0 महिला,2,,True
अत् यन् त पिछडा महिला,2,,True
अत्यंत पिछडा वर्ग अन्य,2,EBC,False
अन ु0 जाति अन् य,2,SC,False
अन0जा0 अन् य,2,,False
अन0जा0 महिला,2,,True
अना मि हला,2,,
अना ० अ०,2,,
अना0,2,unreserved,
अनारक्षि त महिला,2,unreserved,True
अनारक्षित -अन्य,2,unreserved,False
अनारक्षित / महिला,2,unreserved,True
अनारक्षित अन्यअनारक्षित अन्य,2,,False
अनारक्षित म0,2,,
अनारक्षित सामान्य,2,,
अनारक्षित/ अन् य,2,unreserved,False
अनारक्षित/ अन्य,2,unreserved,False
अनारक्सित महिला,2,,True
अना० म०,2,,
अना०/अन्य,2,unreserved,False
अनु0 जनजाति अन् य,2,ST,False
अनु0 जा0,2,,
अनु0 जाती0 अन्य,2,,False
अनु0 वर्ग महिला,2,,True
अनु0जनजाति,2,ST,
अनु0जाति,2,SC,
अनु0जाति अन्य,2,SC,False
अनु0जाति0 अन् य,2,,False
अनुसुचि जाती,2,,
अनुसुचित जाति अन् य,2,SC,False
अनुसुचित जाति पुरूष,2,SC,False
अनुसुचित जाती अन् य,2,,False
अनुसूचति जाति अन् य,2,,False
अनुसूचित जन जाति/अन् य,2,ST,False
अनुसूचित जाति पुरूष,2,SC,False
"अनुसूचित जाति, महिला",2,SC,True
अनुसूचित जाति/महिला,2,SC,True
अनु० जाती,2,SC,
अनु० जा० अन्य,2,,False
आ0 अन्य,2,,False
आनरक्षित महिला,2,,True
आना० अन्य,2,,False
आरक्षित अनु जा0 अन् य,2,,False
आरक्षित अनु0 जा0 अन् य,2,,False
आरक्षित अनु0 जाति0 महिला,2,,True
आरक्षित अनुसूचित जाति महिला,2,,True
आरक्षित अनु० जाति महिला,2,SC,True
आरक्षित अनु०जाति अन् य,2,SC,False
आरक्षित पि0 व0 म0,2,,
आरक्षित पिछडा वर्ग,2,,
आरक्षित पिछडा वर्ग महिला,2,,True
आरक्षित/पि० वर्ग,2,BC,
आरि क्षत,2,,
पि0 वर्ग 0 अन् य,2,,False
पि0 वर्ग0 अन् य,2,,False
पि0व0 अन् य,2,BC,False
पि0वर्ग अन् य,2,BC,False
पिछङा वर्ग महिला,2,,True
"पिछड़ा वर्ग, महिला",2,BC,True
पिछड़ा वर्ग/महीला,2,BC,True
पिछडावर्ग महिला,2,BC,True
पिछडी जाति अन् य,2,,False
पिछडी जाति महीला,2,,True
पिछरा वर्ग महिला,2,,True
पिछला वर्ग अन्य,2,,False
पिछला वर्ग महिला,2,,True
पि० व० अन्य,2,BC,False
महिला अन् य,2,,
महिला सामान् य,2,,True
समान् य महीला,2,,True
सामन्य,2,,
सामान् य अनारक्षित,2,,
सामान् य अन् य,2,unreserved,False
सामान् य महिला आरक्षित,2,,True
सामान्य अन्य,2,unreserved,False
हरिजन,2,,
,1,,
,1,,
General,1,,
Woman General,1,,
Woman reserve,1,,
अ 0 पि0 वर्ग,1,,
अ नु0 जाति,1,SC,
अ नु0 जाति अन् य,1,SC,False
अ.ज.जा.,1,,
अ.जा. अन्य,1,,False
अ.जा. म अहिला,1,,
अ.जा. महिला,1,,True
अ.जा.अन्य,1,,False
अ0 जाति,1,,
अ0 जाति अन् य,1,,False
अ0 प0 महिला,1,,True
अ0 प0 वर्ग,1,,
अ0 पछिडा वर्ग,1,,
अ0 पि वर्ग,1,,
अ0 पि0,1,,
अ0 पि0 पु0,1,,
अ0 पि0 पुरुष,1,,False
अ0 पि0 वर्ग आरक्षित,1,,
अ0 पिछड़ा वर्ग,1,,
अ0 वि0 वर्ग,1,,
अ0ज0 जाति,1,,
अ0ज0जा0 महीला,1,,True
अ0जा0 महीला,1,,True
अ0जातिअन्य,1,,False
अ0पि 0,1,,
अ0पि0 व0,1,,
अ0पि0 वर्ग,1,,
अ0पि0म0,1,,
अ0पि0व0,1,,
अंत्यंत पि0 वर्ग,1,,
अंन्य महिला,1,,True
अतयंत पिछड़ा बगॅ,1,,
अतयंत पिछडा वर्ग,1,,
अति पि0 महिला,1,,True
अति पि0 वर्ग महिला,1,,True
अति पिछइ◌ा,1,,
अति पिछइ◌ा र्वग,1,,
अति पिछड़ा,1,,
अति पिछडा अन्य,1,,False
अति पिछडा पुरूष,1,,False
अति पिछडा पुरूष् ◌ा,1,,False
अति पिछडा वर्ग महिला,1,EBC,True
अति पिछड्◌ा वर्ग अन् य,1,,False
अति पिछाडा वर्ग अन्य,1,,False
अति0 पि0 महिला,1,,True
अति0 पि0 वर्ग,1,,
अतिपिक्षण हेतु,1,,
अतिपिछडा,1,,
अतिपिछडा आरक्षित,1,,
अतिपिछडा वर्ग,1,EBC,
अती पि0 बर्ग,1,,
अती पीछडा महीला,1,,True
अत् यंत पि0 जा0 महिला,1,,True
अत् यंत पिछडा अन् य,1,,False
अत् यंत पिछडी जाति पुरूष,1,,False
अत् यंत पिछडी जाति महिला,1,,True
अत् यंत पिछरा वर्ग,1,,
अत् यनत पिछरा जाती,1,,
अत् यन् त पि0 अन् य,1,,False
अत् यन् त पि0 वर्ग,1,,
अत् यन् त पिक्षडा वर्ग,1,,
अत् यन् त पिछइ◌ा महिला,1,,True
अत् यन् त पिछड़ा,1,,
अत् यन् त पिछड़ा वर्ग,1,,
अत् यन् त पिछडा,1,,
अत् यन् त पिछडा वर्ग अन् य,1,EBC,False
अत् यन् त महिला,1,,True
अत्यंत पिछड़ा,1,,
अत्यंत पिछड़ा महिला,1,,True
अत्यंत पिछड़ा वर्ग पुरुष,1,EBC,False
अत्यंत पिछडा,1,,
अत्यंत पिछडा महिला,1,,True
अत्यंत पिछडा वर्ग महिला,1,EBC,True
अत्यंत पिछडावर्ग अन्य,1,EBC,False
अत्यंत पिछडावर्ग महिला,1,EBC,True
अत्यंत पिछरा वर्ग,1,,
अत्यंत पिछरा वर्ग महिला,1,,True
अत्यंत पिछाडा वर्ग महिला,1,,True
अत्यनत पिछडा वर्ग अन्य,1,,False
अत्यन्त पिछड़ा जाति,1,,
अत० पि० महीला,1,,True
अत० पि० वर्ग,1,,
अन0 जाति,1,,
अन0 जाति अन् य,1,,False
अनरक्षित,1,,
अनरक्षित अन्य,1,,False
अनसूचित जाति /महिला,1,,True
अना अन्य,1,,False
अना रकछीत महीला,1,,True
अना रक्षित,1,unreserved,
अना रक्षित महीला,1,unreserved,True
"अना रक्षित, अन् य",1,unreserved,False
अना रक्ष्रित अन् य,1,,False
अना रक्ष्रित महिला,1,,True
अना0 जाति अन् य,1,,False
अना0 पुरूष एवं महिला,1,,
अना0 म हिला,1,unreserved,True
अना0अन् य,1,unreserved,False
अना0म,1,,
अना0म0,1,,
अनार क्षित महिला,1,unreserved,True
अनारक्षि महिला,1,,True
अनारक्षित -अन् य,1,unreserved,False
अनारक्षित -महिला,1,unreserved,True
अनारक्षित अ0 पि0 वर्ग अन्य,1,,False
अनारक्षित अनु0 जाति अन्य,1,,False
अनारक्षित पि0 वर्ग अन्य,1,,False
अनारक्षित म हीला,1,unreserved,True
अनारक्षित महिला अन्य,1,,
अनारक्षित महिला सामान् य,1,,True
अनारक्षित माहिल,1,,
अनारक्षित सामानय महिला,1,,True
अनारक्षिर / अन्य,1,,False
अनारक्षिर / महिला,1,,True
अनारक्षिर / महीला,1,,True
अनारक्षिर अन्य,1,,False
अनारक्षि् ◌ात/ महिला,1,,True
अनारक्ष्ज्ञित,1,,
अनारक्ष्ज्ञित /अन् य,1,,False
अनारक्ष्ति पुरूष अन् य,1,,False
अनारक्ष्रित महिला,1,,True
अनारखित,1,,
अनारखित अन् य,1,,False
अनारखित महिला,1,,True
अनारछित अन्य,1,,False
अनारछित महिला,1,,True
अनाराक्षित,1,,
अनारि क्षत अन् य,1,,False
अनारिक्षत,1,,
अनार्क्षीत अन्य,1,,False
अना०,1,unreserved,
अना० अ०,1,,
अना◌ारक्षित,1,,
अनु 0 जाति,1,SC,
अनु 0 जाति अन्य,1,SC,False
अनु जाति अन्य,1,,False
अनु जाति पुरूष,1,,False
अनु जाति महिला,1,,True
अनु जाती,1,,
अनु जाती महिला,1,,True
अनु जाती महीला,1,,True
अनु महिला,1,,True
अनु0 अ0,1,,
अनु0 अन् य,1,,False
अनु0 ज0 जा0 महिला,1,,True
अनु0 जा ति महिला,1,SC,True
अनु0 जा0 अन्य,1,,False
अनु0 जाति (महिला),1,SC,True
अनु0 जाति अ न् य,1,SC,False
अनु0 जाति आरक्षित,1,,
अनु0 जाति म हिला,1,SC,True
अनु0 जाति मि हला,1,,
अनु0 जाति0 अन्य,1,,False
अनु0 जाति0 महिला,1,,True
अनु0 जाती महिला,1,SC,True
अनु0 जाती0 महीला,1,,True
अनु0 म0,1,,
अनु0 महिला़,1,,True
अनु0 सु0 जा0 महीला,1,,True
अनु0ज0जाति अन्य,1,,False
"अनु0ज0जाति, अन् य",1,,False
अनु0जन0 जाति,1,,
अनु0जनजाति अन् य,1,ST,False
अनु0जा ति,1,SC,
अनु0जाति/अन्य,1,SC,False
अनु0जाति/महिला,1,SC,True
अनु0जाति0 महिला,1,,True
अनु0जाति0महिला,1,,True
अनु: जाति अन्य,1,,False
अनु: जाति महिला,1,,True
अनुशुचित जाति आरक्षित,1,,
अनुसुचित अन् य,1,,False
अनुसुचित जाति (महिला),1,SC,True
अनुसुचित जाति के लिए आरक्षित,1,,
अनुसुचित जाती / अन्य,1,,False
"अनुसू0 जा0, अन्य",1,,False
"अनुसू0 जा0, महिला",1,,True
अनुसूचति जाति,1,,
अनुसूचित जन जाती महिला,1,,True
अनुसूचित जनजाति,1,ST,
अनुसूचित जा ति अन् य,1,SC,False
अनुसूचित जाति (महिला),1,SC,True
अनुसूचित जाति -महिला,1,SC,True
अनुसूचित जाति अ न्य,1,SC,False
अनुसूचित जाति आरक्षित,1,,
"अनुसूचित जाति, अन् य",1,SC,False
अनुसूचित जाति/ महिला,1,SC,True
अनुसूचित जाति/महीला,1,SC,True
अनुसूचित जाती अन् य,1,,False
अनुसूचित जाती पुरुष,1,,False
अनुसूचित जाती/महिला,1,,True
अनुसूचित महिला,1,,True
अनुसूजित जाति महिला,1,,True
अनु० अ०,1,,
अनु० जाति० अन्य,1,,False
अनु० जाती महीला,1,SC,True
अनु० जाती/अन्य,1,SC,False
अनु० जा० महिला,1,,True
अनु० महीला,1,,True
अनु० म०,1,,
अनु०जाति० अन्य,1,,False
अनूसुचित जाति अन् य,1,,False
अनूसूचित जाति -अन् य,1,,False
"अनूसूचित जाति, महिला",1,,True
अन्य० महिला,1,,
अरक्षित,1,,
अरक्ष्ण,1,,
अराक्षित महिला,1,,True
अरारक्षीत अन् य,1,,False
अ़न0 जाति अन् य,1,,False
अ० जाती,1,,
अ० जा०महिला,1,,True
अ० पि० व० महिला,1,,True
अ०जा०अन्य,1,,False
आ.ज.जा. अन्य,1,,False
आ.जा. अन्य,1,,False
आ0 अनु0,1,,
आ0 जा0 महिला,1,,True
आएअक्षित अन्य,1,,False
आन0 अन् य,1,,False
आन0अ0,1,,
आना ० अन्य,1,,False
आनारक्षित महिला,1,,True
आनारक्षीत,1,,
आना० महीला,1,,True
आना०महिला,1,,True
आर0अनु0 जा0,1,,
आरक्षित अ0 जा0,1,,
आरक्षित अनु0 जाति महिला,1,SC,True
आरक्षित अनुसुचित जाति अन् य,1,,False
आरक्षित अनुसूचित जाति,1,,
आरक्षित अनुसूचित जाति अन्य,1,,False
आरक्षित अन् य,1,,False
आरक्षित पि0 वर्ग महिला,1,BC,True
आरक्षित पिछड़ा वर्ग अन्य,1,,False
आरक्षित पिछडा वर्ग अन् य,1,,False
आरक्षित पुरूष,1,,False
आरक्षित/ अन्य,1,,False
आरक्षित/ पि० वर्ग,1,BC,
आरक्षित/ महिला,1,,True
आरक्षीत अनुसूचित जाती,1,,
आरक्षीत अन्य,1,,False
आरछन,1,,
उपलब्ध नहीं है,1,,
एस0 टी0 अन्य,1,,False
एस0टी0 महिला,1,,True
एस0सी0 अन्य,1,,False
ग्राम पंचायत मुखिया,1,,
जनारक्षित,1,,
नहीं,1,,
ना०,1,,
ना० महीला,1,,True
पि 0 वर्ग अ न् य,1,BC,False
पि0 जा0 अन् य,1,,False
पि0 वर्ग0 अनय,1,,
पि0 वर्ग0 महिला,1,,True
पि0वर्ग महिला,1,BC,True
पिछङा वर्ग अन्य,1,,False
पिछड़ा महिला,1,,True
पिछड़ा वर्ग - अन् य,1,BC,False
पिछड़ा वर्ग -अन् य,1,BC,False
पिछड़ा वर्ग -अन्य,1,BC,False
"पिछड़ा वर्ग, अन् य",1,BC,False
पिछड़ा वर्ग/अन्य,1,BC,False
पिछडा,1,,
पिछडा वर्ग /महिला,1,BC,True
पिछडा वर्ग एवं अन् य,1,,False
"पिछडा वर्ग, महिला",1,BC,True
पिछडा वर्ग/ अन् य,1,BC,False
पिछडा वर्ग/ महिला,1,BC,True
पिछडा वर्ग/अन् य,1,BC,False
पिछडा वर्ग/महिला,1,BC,True
पिछडा. वर्ग अन् य,1,BC,False
पिछडी,1,,
पिछडी जाति अन्य,1,,False
पिछड् वर्ग अन् य,1,,False
पिछड्◌ा वर्ग अन् य,1,,False
पिछड्◌ावर्गअन् य,1,,False
पिछरा वेग अन्य,1,,False
पिछ्र व्ग्र अन्य,1,,False
पि० अन्य,1,,False
पि० महीला,1,,True
पि० म०,1,,
पि० वर्ग अन्य०,1,,False
पि० वर्ग महिला,1,BC,True
पि० वर्ग महीला,1,BC,True
पि० व०,1,BC,
पि० व० महिला,1,BC,True
पि०अ,1,,
पि०अ०,1,,
पीछडी जाति अन्य,1,,False
पीछडी जाति महिला,1,,True
पी० व० महिला,1,,True
महिला अति पिछड़ा,1,,True
महिला आरक्षित,1,,True
महिला छात्र,1,,True
महिला सामान्य,1,,True
मिहला,1,,
मिहला छात्र,1,,
मिहिला छात्र,1,,
लागु नही अनारक्षित,1,,
समान् य अनारक्षित अन् य,1,,False
समान् य अनारक्षित महिला,1,,True
समान्य पुरुष,1,,False
सा0 म0,1,,
सामन् य,1,,
सामन्य महिला,1,,True
सामा*य महिला,1,,True
सामानय महिला,1,,True
सामान् य अना0 अन् य,1,,False
सामान् य अना0 महिला,1,,True
सामान् य पुरूष,1,unreserved,False
सामान्य अनारक्षित अन्य,1,,False
"सामान्य, महिला",1,unreserved,True
सा० म०,1,,
सुरक्षित,1,,
सुरक्षीत महीला,1,,True
हरिजन महिला,1,,True
