path,sha256,bytes,origin
central_handoff/GPS_GKP_PSS_ZPS/BHAGALPUR DIV/Banka_GPS_GKP_ZPS_PSS.xls,1462ea7e9e7e5fe7ef9f03923d2a0b5f452d0a3332efd7ce407a38c1be4e613e,670208,local_elections data/bihar @ fa4c4e79
central_handoff/GPS_GKP_PSS_ZPS/BHAGALPUR DIV/Bhagalpur_GPS_GKP_ZPS_PSS.xls,dea402b65357f4a52da5fc08cf41ef695c27e3c6ffd7f4ee6627453edf43be06,751104,local_elections data/bihar @ fa4c4e79
central_handoff/GPS_GKP_PSS_ZPS/DARBHANGA DIV/Darbhanga_GPS_GKP_ZPS_PSS.xls,51d9bcdfc2b6bfece7d026cdc8d670da3fdb1ded7567800f0385cef92d2205ad,1069056,local_elections data/bihar @ fa4c4e79
central_handoff/GPS_GKP_PSS_ZPS/DARBHANGA DIV/Samastipur_GPS_GKP_ZPS_PSS.xls,13ee1fd1ef509361a3940ece2a475b23879646bf4ba8ce4f20c48529c9e97090,1401344,local_elections data/bihar @ fa4c4e79
central_handoff/GPS_GKP_PSS_ZPS/KOSHI DIV/Madhepura_GPS_GKP_PSS_ZPS.xls,3ad50ee42e354c5146f43522e43cd657d8a8b4646aab1a3656352b257236a100,545280,local_elections data/bihar @ fa4c4e79
central_handoff/GPS_GKP_PSS_ZPS/KOSHI DIV/Saharsa_GPS_GKP_ZPS_PSS.xls,cf52a14f459826b05ecf050a503d92ac32a2c60e70abbafdcd953ffdb97ae029,506880,local_elections data/bihar @ fa4c4e79
central_handoff/GPS_GKP_PSS_ZPS/KOSHI DIV/Supaul_GPS_GKP_ZPS_PSS.xls,4472f588aed0fe07b785fa54a1fec75fc9708b2d1255551e48901e9055ab4594,606208,local_elections data/bihar @ fa4c4e79
central_handoff/GPS_GKP_PSS_ZPS/MAGADH DIV/Arwal_GPS_GKP_ZPS_PSS.xls,f449e4ce8f1dbdfe66784432e44a17b56687469c1f8306cc6371b6ba3e6f3297,236544,local_elections data/bihar @ fa4c4e79
central_handoff/GPS_GKP_PSS_ZPS/MAGADH DIV/Aurangabad_GPS_GKP_ZPS_PSS.xls,e3dd6db7e18d88c550b5e82d9656b72ae2427e9e42a22ac0c3947b4a25b5b0e0,646144,local_elections data/bihar @ fa4c4e79
central_handoff/GPS_GKP_PSS_ZPS/MAGADH DIV/Gaya_GPS_GKP_ZPS_PSS.xls,591407b54b33102b4fb1d7cbd8839b20337f60a5d54f6df8d7edba8b9879ce61,61440,local_elections data/bihar @ fa4c4e79
central_handoff/GPS_GKP_PSS_ZPS/MAGADH DIV/Nawada_GPS_GKP_ZPS_PSS.xls,b936b912f9d056c4e0a19f6f190ad1cae3b10ec5fe9f9cace124fe603e6e3ceb,593408,local_elections data/bihar @ fa4c4e79
central_handoff/GPS_GKP_PSS_ZPS/MUNGER DIV/Begusarai_GPS_GKP_ZPS_PSS.xls,ecbe209eea44d74a9e649b7931e04dad6ad96d8abe734005cfb909092917cedd,960000,local_elections data/bihar @ fa4c4e79
central_handoff/GPS_GKP_PSS_ZPS/MUNGER DIV/Jamui_GPS_GKP_ZPS_PSS.xls,3cbf335c38a69834c0982f3e4189d19c74bc94ce3ffcbb8f984d08447c04f471,526848,local_elections data/bihar @ fa4c4e79
central_handoff/GPS_GKP_PSS_ZPS/MUNGER DIV/Khagaria_GPS_GKP_ZPS_PSS.xls,41f8beb3768cdfad37b902c2de87c742c83be138e6f239d4d34e92c1a3d408e8,456192,local_elections data/bihar @ fa4c4e79
central_handoff/GPS_GKP_PSS_ZPS/MUNGER DIV/Lakhisarai_GPS_GKP_ZPS_PSS.xls,6bd8561fa96fd945705a11e091aec3bcc5eef20732eb3e8e54c53137aaff8927,332800,local_elections data/bihar @ fa4c4e79
central_handoff/GPS_GKP_PSS_ZPS/MUNGER DIV/Munger_GPS_GKP_ZPS_PSS.xls,375e32bd1f61088d1939f47ad22f188237e7f1e106e1f5a2c54f0de425120260,395264,local_elections data/bihar @ fa4c4e79
central_handoff/GPS_GKP_PSS_ZPS/MUNGER DIV/Shekpura_GPS_GKP_ZPS_PSS.xls,da86ff0e6751d3bf43e19a28c3f88dc823cd888ae8c6e45a9467ca0964cd932a,224256,local_elections data/bihar @ fa4c4e79
central_handoff/GPS_GKP_PSS_ZPS/PATNA DIV/Bhojpur_GPS_GKP_PSS_ZPS.xls,912df519fae7d3f31e1f259b35394062bd953f1ba09d2f33b34b56f98b95e3b9,732672,local_elections data/bihar @ fa4c4e79
central_handoff/GPS_GKP_PSS_ZPS/PATNA DIV/Buxar_GPS_GKP_PSS_ZPS.xls,bbd9d9d20a9d1a3ca5b611c69fc6f8bc964aa823a7fd658281814fc5989588ae,458752,local_elections data/bihar @ fa4c4e79
central_handoff/GPS_GKP_PSS_ZPS/PATNA DIV/Kaimur _GPS_GKP_PSS_ZPS.xls,40e665e4388ee5e94b707356e5be4e3aa957cf47d0bfec8a35c2e1c849a18e30,443904,local_elections data/bihar @ fa4c4e79
central_handoff/GPS_GKP_PSS_ZPS/PATNA DIV/Nalanda_GPS_GKP_PSS_ZPS.xls,d85ffe7d359272f4865df4cc22b5a47f912bcf91bd7d5f0d7418a647315f6bab,682496,local_elections data/bihar @ fa4c4e79
central_handoff/GPS_GKP_PSS_ZPS/PATNA DIV/Patna_GPS_GKP_PSS_ZPS.xls,43b0a2c887a74ba1a8dafe1e42a16120f2d6acfebef5adb469224904d22deed2,1032704,local_elections data/bihar @ fa4c4e79
central_handoff/GPS_GKP_PSS_ZPS/PATNA DIV/Rohtas_GPS_GKP_PSS_ZPS.xls,c3c993214a52e0087f433109656fc50b62b374e63688746082a8dd347c8029fb,786944,local_elections data/bihar @ fa4c4e79
central_handoff/GPS_GKP_PSS_ZPS/PURNIA DIV/Katihar_GPS_GKP_PSS_ZPS.xls,7ca5f0ec9b08b33cc7a8b5923da6a23b37bbb795634bbca69bc080fa1cd28fa6,800256,local_elections data/bihar @ fa4c4e79
central_handoff/GPS_GKP_PSS_ZPS/PURNIA DIV/Kishangunj_GPS_GKP_PSS_ZPS.xls,7f0f1935b97c446bd44e202f7f323c741e5ffef444f110fb91ac59d4a1e40468,439808,local_elections data/bihar @ fa4c4e79
central_handoff/GPS_GKP_PSS_ZPS/SARAN DIV/Gopalganj_GPS_GKP_ZPS_PSS.xls,8c935ea6ccbe133963b6d282abc8d1fe626fc1b86a63a8371a11d7d443255375,717312,local_elections data/bihar @ fa4c4e79
central_handoff/GPS_GKP_PSS_ZPS/SARAN DIV/Saran_GPS_GKP_ZPS_PSS.xls,82494aaba0667fb785e96de6d82fc6044454b3e3e4d27830553d00767ca2ad50,1071616,local_elections data/bihar @ fa4c4e79
central_handoff/GPS_GKP_PSS_ZPS/SARAN DIV/Siwan_GPS_GKP_ZPS_PSS.xls,47ffdff372430e91ea42f1d2d8f3029d2aaebaee3505324d43c58ece6a92362a,943104,local_elections data/bihar @ fa4c4e79
central_handoff/GPS_GKP_PSS_ZPS/TIRHUT DIV/Bettiah_GPS_GKP_PSS_ZPS.xls,f76c85c0b0900962f1d0e82fa92fa5f7f83c2e492b9b76398e9be508f967c776,1008640,local_elections data/bihar @ fa4c4e79
central_handoff/GPS_GKP_PSS_ZPS/TIRHUT DIV/Muzaffarpur_GPS_GKP_PSS_ZPS.xls,19ba4df86ec63affebc5139187ed0eb2bae0ea57faf17eadf7ce54ac29750dde,1300480,local_elections data/bihar @ fa4c4e79
central_handoff/GPS_GKP_PSS_ZPS/TIRHUT DIV/Sheohar_GPS_GKP_PSS-ZPS.xls,64edae52498b78a3b8e3dd7f56468f224e655d0dfd66dbdb14fb6c4e2ec6f3ba,199680,local_elections data/bihar @ fa4c4e79
central_handoff/GPS_GKP_PSS_ZPS/TIRHUT DIV/Vaishali_GPS_GKP_PSS_ZPS.xls,0c84a970d464f978e53bec15270e8f23213a5d67f5c527b28b7251fa143d960c,910336,local_elections data/bihar @ fa4c4e79
central_handoff/Mukhiya_2006/Araria.xls,05fe0a08af684061e6b2d8e95cd204a84d51b05d3cceeb26de00800d65cedbe1,658432,local_elections data/bihar @ fa4c4e79
central_handoff/Mukhiya_2006/Arwal.xls,c24c0aff11123d10c4e8347d6ec09280e3316aee3ae92173f56f9eaa588aa360,641024,local_elections data/bihar @ fa4c4e79
central_handoff/Mukhiya_2006/Aurangabad.xls,b109512005f9aaa74446b2bc44ff82d9bdd0c8d58f8b7d33f4cdf47a49dd3d88,80896,local_elections data/bihar @ fa4c4e79
central_handoff/Mukhiya_2006/Banka.xls,af9bd701d5771821ccba738f42ab80680060c1d3c2cbd3059f75f1e5ce6c93fe,665600,local_elections data/bihar @ fa4c4e79
central_handoff/Mukhiya_2006/Begusarai.xls,c13060744d414316a8e9643012162ed9e1adb2ef52a48cd62ce2c751998db1d4,719360,local_elections data/bihar @ fa4c4e79
central_handoff/Mukhiya_2006/Bhagalpur.xls,f081f27c089e2ed51b54993fe364fc3f3251faa4285762a7beabe1a3a2a289ef,736768,local_elections data/bihar @ fa4c4e79
central_handoff/Mukhiya_2006/Bhojpur.xls,7af73de512decb33ee8dbb0fdc63905e439c7348d5309728d39da665c896c6c1,745984,local_elections data/bihar @ fa4c4e79
central_handoff/Mukhiya_2006/Buxar.xls,2d5c3630989a05e0df13a8167b2660ea9fdb2b521f7be65e64763aad74d43020,59392,local_elections data/bihar @ fa4c4e79
central_handoff/Mukhiya_2006/Darbhanga.xls,67512886560e215c952ec3100e6f5d31f5630a8bd0723462eae8ec51064a076b,111104,local_elections data/bihar @ fa4c4e79
central_handoff/Mukhiya_2006/East Champaran.xls,90cb8fa4d5bcc8a9ae9138dd05a98f906d89b1e86c080087fe3ec4174675daf9,129536,local_elections data/bihar @ fa4c4e79
central_handoff/Mukhiya_2006/Gaya.xls,484ad9a2dd0f8ec6af6b604d81758db66b47ff0fce8c2c179cd6fd93f41f211e,664064,local_elections data/bihar @ fa4c4e79
central_handoff/Mukhiya_2006/Gopalganj.xls,f3515d95aa27492c95c3f9aceca0de8ee3396bd54e8302a95af7ecfb6c4e90b3,743424,local_elections data/bihar @ fa4c4e79
central_handoff/Mukhiya_2006/Jahanabad.xls,aee3619fa3e3c79f8ff80d01cbe3aca35bd7629d5528e9f62b913c18cc9ea553,718848,local_elections data/bihar @ fa4c4e79
central_handoff/Mukhiya_2006/Kaimur.xls,01efea958dea5063e30cbbb804d8f0d4f02531c461a52441c2780b9541e939ae,730624,local_elections data/bihar @ fa4c4e79
central_handoff/Mukhiya_2006/Katihar.xls,65dba0c68cd1d3b1b5e1ae88b04d38b51a57efad1f2af030c630028fd8c4dc0e,740864,local_elections data/bihar @ fa4c4e79
central_handoff/Mukhiya_2006/Khagaria.xls,c746b39a5f9f69689c5824202f0caa3e2e9f3a1c1212513bce081396489a7696,722432,local_elections data/bihar @ fa4c4e79
central_handoff/Mukhiya_2006/Kishanganj.xls,3939fdf90d55205c187e8bc94e0ff1ed1d5126d962c615c01ac2e95192b919ea,47104,local_elections data/bihar @ fa4c4e79
central_handoff/Mukhiya_2006/Lakhisarai.xls,b440a2f0d424225dedeece6a41abc38ec89a7c55d3fad0053d2452afee651d2f,684032,local_elections data/bihar @ fa4c4e79
central_handoff/Mukhiya_2006/Madhepura.xls,19938924c5a271ecb521df6b3620aa8d6609669d703318c7a02f674a42864150,727552,local_elections data/bihar @ fa4c4e79
central_handoff/Mukhiya_2006/Madhubani.xls,b29de180689db73d3a1295ec165052d69e87d4722bc702fd008c0169a118bc30,708608,local_elections data/bihar @ fa4c4e79
central_handoff/Mukhiya_2006/Munger.xls,160534edacd056e3e98f6b4514e45c9cca187d95ec45d6bcec6eab45948c07c9,720896,local_elections data/bihar @ fa4c4e79
central_handoff/Mukhiya_2006/Nalanda.xls,651f21671366031c3bf90a1522f730ecdadb19240a4320cb236a3c106bc109d6,734720,local_elections data/bihar @ fa4c4e79
central_handoff/Mukhiya_2006/Nawada.xls,5084697bc0ddf4676551a9cee68dcee946e2c3f5fa81cd1c9dc213017b18c7ff,728576,local_elections data/bihar @ fa4c4e79
central_handoff/Mukhiya_2006/Patna.xls,a906d54ae6f7aa1638b20966e39056f29ae1ed58aaab080af2944b95306010b2,732160,local_elections data/bihar @ fa4c4e79
central_handoff/Mukhiya_2006/Purnia.xls,4cb904484fd75ebd5f6b793028f77018425e74aa02f26b988782c1724c4866db,726528,local_elections data/bihar @ fa4c4e79
central_handoff/Mukhiya_2006/Rohtas.xls,3f7d647821ec59bfa93a6515fc5dc985ccd736218ee80c779d593c2b5bc2f9dd,730624,local_elections data/bihar @ fa4c4e79
central_handoff/Mukhiya_2006/Saharsa.xls,987351fee063baee379b66c12e384f3c5e786dd87f8d2d64d77660c41ac84ba8,671744,local_elections data/bihar @ fa4c4e79
central_handoff/Mukhiya_2006/Samastipur.xls,5074020f231f518fcb6970c8266836a8babb2f1ea847e1e9e07696733dc2fda7,3727872,local_elections data/bihar @ fa4c4e79
central_handoff/Mukhiya_2006/Saran.xls,01fad4d457191eda1fcbe3eb7bd04a54fe6459e78ef9ef86d592a7a1ca4ff78d,765440,local_elections data/bihar @ fa4c4e79
central_handoff/Mukhiya_2006/Sheikhpura.xls,ea669f649cfd034d8d2faf852ea90f1a976209bc26e1029e0efc71a0013c3574,34304,local_elections data/bihar @ fa4c4e79
central_handoff/Mukhiya_2006/Sheohar.xls,d27bde20b341a365e82ac166ce96fdaf13bf7643e89348568f56ff93f5469a0a,35840,local_elections data/bihar @ fa4c4e79
central_handoff/Mukhiya_2006/Sitamarhi.xls,9c7995c82f5655e7fd72b22e4849d922383902a8032e603b26cfc36149b0847f,760320,local_elections data/bihar @ fa4c4e79
central_handoff/Mukhiya_2006/Siwan.xls,f0cba5f6143a477215fe59344bdc65f140c6f27825f99f4ab03012963fef53bd,97280,local_elections data/bihar @ fa4c4e79
central_handoff/Mukhiya_2006/Supaul.xls,84e8542390e530379496199cc4f30a8468fb02aeac44433b4d1c9b9192fd82aa,651264,local_elections data/bihar @ fa4c4e79
central_handoff/Mukhiya_2006/Vaishali.xls,d234f87daa5a0cf6fa07a22183fbc8292ebb279a623b28dd8aaf3a919cbebcf6,742912,local_elections data/bihar @ fa4c4e79
central_handoff/Mukhiya_2006/West Champaran.xls,7efc69cb65cd157099cf7d347c36183db2a976ea80b3ac143606be898787eeb5,748544,local_elections data/bihar @ fa4c4e79
central_handoff/Mukhiya_2006/jamui.xls,fdfaedcee6fb1c6b8672f21b5f9670608d47943afe714b12fce480b54cb5ee94,729088,local_elections data/bihar @ fa4c4e79
central_handoff/Mukhiya_2006/muzaffarpur.xls,f7539a5a6ba281fa51fc15920f929b2fffa66b7a985bb56612c21f0676051121,586752,local_elections data/bihar @ fa4c4e79
central_handoff/PRI_WINNER_2011/Adhyaksh-Upadhyaksh.pdf,b3a38b6c46802c0384e02cb707d1ab7933e1745a81309f9c8b0fef411ca5c1c6,21494,local_elections data/bihar @ fa4c4e79
central_handoff/PRI_WINNER_2011/Aurangabad/Aurangabad_GKP.pdf,3ed6e8a217ced0946e94481e403c9810256bb8033b754ed73fba83f3a5d2bdb5,669416,local_elections data/bihar @ fa4c4e79
central_handoff/PRI_WINNER_2011/Aurangabad/Aurangabad_GKS.pdf,702d8c6b26ab0e461b180c99912a2810f7982a5620a948256978e3a2d564fd22,136028,local_elections data/bihar @ fa4c4e79
central_handoff/PRI_WINNER_2011/Aurangabad/Aurangabad_GPM.pdf,67f323b7ccaca9089c7434307b48280d124f519dcd062d5405e992fd8444b1f8,140214,local_elections data/bihar @ fa4c4e79
central_handoff/PRI_WINNER_2011/Aurangabad/Aurangabad_GPS.pdf,440eb7550c352768ea342e024274fff9c5f6d65aebea6535ebdd5dc5f415120c,769689,local_elections data/bihar @ fa4c4e79
central_handoff/PRI_WINNER_2011/Aurangabad/Aurangabad_PSS.pdf,c093723e20e1121ea58fc56d5adb01580263d26c61490899b486e61ac10c1baf,157616,local_elections data/bihar @ fa4c4e79
central_handoff/PRI_WINNER_2011/Aurangabad/Aurangabad_WPOST2001-2006.pdf,3ac398e04b91d3f5e28a5002866f8847ad03ba5c1f5ac01f078c0d7c508055d4,231094,local_elections data/bihar @ fa4c4e79
central_handoff/PRI_WINNER_2011/Aurangabad/Aurangabad_ZPS.pdf,99b8d75684ab3698721b117d4bbf43ea997234547c6fba525438b4ecd81856df,81712,local_elections data/bihar @ fa4c4e79
central_handoff/PRI_WINNER_2011/BEGUSARAI/BEGUSARAI_GKP.pdf,9ab101e395811ae23ee0d78c9f662bab1e9d7995c8946655a362ba2562fc7b16,540536,local_elections data/bihar @ fa4c4e79
central_handoff/PRI_WINNER_2011/BEGUSARAI/BEGUSARAI_GKS.pdf,379ec9841b1be511980a7023813eb423dbf468d0c8342b4389df36753755b933,136675,local_elections data/bihar @ fa4c4e79
central_handoff/PRI_WINNER_2011/BEGUSARAI/BEGUSARAI_GPM.pdf,af12da0f8775511c374d4b5af1baaff7495bbcbb719254241fad4269794bb8e7,143779,local_elections data/bihar @ fa4c4e79
central_handoff/PRI_WINNER_2011/BEGUSARAI/BEGUSARAI_GPS.pdf,4f75d990e1a9300225b2fb21c0dd39a9630fc8018ae5068f9978a40bbb75af07,632268,local_elections data/bihar @ fa4c4e79
central_handoff/PRI_WINNER_2011/BEGUSARAI/BEGUSARAI_PSS.pdf,3aad72693c93c1e149565becdbc584e2aa9c6e23658e59fd0a3c4a53f95e7c40,146056,local_elections data/bihar @ fa4c4e79
central_handoff/PRI_WINNER_2011/BEGUSARAI/BEGUSARAI_ZPS.pdf,21c3447c94fca531e5176a75ecd54f8379dfce8b9db1aaee475ed628943efde6,83674,local_elections data/bihar @ fa4c4e79
central_handoff/PRI_WINNER_2011/BHAGALPUR/BHAGALPUR_GKP.pdf,71e4a053980b70a1414492953cc2b349fcf5acd8b9845aa037c3d1fee32bfd3a,400568,local_elections data/bihar @ fa4c4e79
central_handoff/PRI_WINNER_2011/BHAGALPUR/BHAGALPUR_GKS.pdf,2f7d73a9c07ff37e6f7ea6107b7c6f46e8e41dac0b356586f0da1e0f59dd6ce0,106728,local_elections data/bihar @ fa4c4e79
central_handoff/PRI_WINNER_2011/BHAGALPUR/BHAGALPUR_GPM.pdf,19aff4c1c545c19791ca9a3a1ee20d389206542dc796682492e09ca672c7c59d,109294,local_elections data/bihar @ fa4c4e79
central_handoff/PRI_WINNER_2011/BHAGALPUR/BHAGALPUR_GPS.pdf,9f74e99dedadb64b1ab7bc2ca480f155585df5351759b83f4016db2b90f196ef,421567,local_elections data/bihar @ fa4c4e79
central_handoff/PRI_WINNER_2011/BHAGALPUR/BHAGALPUR_PSS.pdf,b3f3c4cc9f42306c7a2d07fe9e781f56a362aba0c06bbb5c98bafb8cea52f9b1,113677,local_elections data/bihar @ fa4c4e79
central_handoff/PRI_WINNER_2011/BHAGALPUR/BHAGALPUR_WPOST2001-2006.pdf,1c63c18c414ff14954cb76658bc1cf8f21ecb96b3b65100edb870d8ef90dec1e,419336,local_elections data/bihar @ fa4c4e79
central_handoff/PRI_WINNER_2011/BHAGALPUR/BHAGALPUR_ZPS.pdf,e310a53740d4dd6e2133d9c29e7b16cb178fee76ab6c545ab1df6b02ddbbcf6c,43207,local_elections data/bihar @ fa4c4e79
central_handoff/PRI_WINNER_2011/BHOJPUR/BHOJPUR_GKP.pdf,b7926e0cb5c3a4b95fb2c3cff2ee77d415e59d7536050038ca9e99869512faa1,182054,local_elections data/bihar @ fa4c4e79
central_handoff/PRI_WINNER_2011/BHOJPUR/BHOJPUR_GKS.pdf,64d9015bfab18104c202f57fb2fea573e4f311f3ddcb964e6b2a3acd72482501,101730,local_elections data/bihar @ fa4c4e79
central_handoff/PRI_WINNER_2011/BHOJPUR/BHOJPUR_GPM.pdf,4455725c6fae64134b6c951c8fe2cadc68c045ac714f5907d6a86fdfb6457528,112185,local_elections data/bihar @ fa4c4e79
central_handoff/PRI_WINNER_2011/BHOJPUR/BHOJPUR_GPS.pdf,bb5e12e9d69364773d0c1dd887f2fdf2e835d953ecda65121cef553101ab937b,206062,local_elections data/bihar @ fa4c4e79
central_handoff/PRI_WINNER_2011/BHOJPUR/BHOJPUR_PSS.pdf,1da7ae826996fa06bbd5a5a5ef19cf7bd4b194819859ce88917552dd921bce3f,101379,local_elections data/bihar @ fa4c4e79
central_handoff/PRI_WINNER_2011/BHOJPUR/BHOJPUR_ZPS.pdf,e310a53740d4dd6e2133d9c29e7b16cb178fee76ab6c545ab1df6b02ddbbcf6c,43207,local_elections data/bihar @ fa4c4e79
central_handoff/PRI_WINNER_2011/BUXAR/BUXAR_GKP.pdf,e23841a54828cbcc32048ffdebb2da44f3f14ae8733dce8f58d86e218d772ef3,150467,local_elections data/bihar @ fa4c4e79
central_handoff/PRI_WINNER_2011/BUXAR/BUXAR_GKS.pdf,4eb881fc4d975954e927bff2e35d00cd3c9bc414f8eb7bae5ff0311bc4c3cc03,79771,local_elections data/bihar @ fa4c4e79
central_handoff/PRI_WINNER_2011/BUXAR/BUXAR_GPM.pdf,9d18d18fb063fa7d20dcd52a5a58eb37066e1aeca255d4b9cc8fc5c30fea64d7,83649,local_elections data/bihar @ fa4c4e79
central_handoff/PRI_WINNER_2011/BUXAR/BUXAR_GPS.pdf,d8546360aed3ff3a2d352396af6cb98fa60e904d087c3f5e8c57b1cec86479fc,216194,local_elections data/bihar @ fa4c4e79
central_handoff/PRI_WINNER_2011/BUXAR/BUXAR_PSS.pdf,5ba1115f6ceaea1529b4bb900b1ccc0ff240bea48e40789b866fb9d5f9ee92bf,85621,local_elections data/bihar @ fa4c4e79
central_handoff/PRI_WINNER_2011/BUXAR/BUXAR_ZPS.pdf,a9fa6e574e62ed6e6a1703ec2b3bcad4fe106cf9d26c4a4b295bb5d3ef876157,79101,local_elections data/bihar @ fa4c4e79
central_handoff/PRI_WINNER_2011/GAYA/GAYA_GKP.pdf,00ad1c48e1708d283d248e28cb6cedab732411c54959dcec952ea468f074a01b,583081,local_elections data/bihar @ fa4c4e79
central_handoff/PRI_WINNER_2011/GAYA/GAYA_GKS.pdf,9691c2d7d98f66f0a17708866d4dfc7b28b0a202766a01053006c080d5b72316,154738,local_elections data/bihar @ fa4c4e79
central_handoff/PRI_WINNER_2011/GAYA/GAYA_GPM.pdf,4a3d89964b07a713b13848c8b27aaa3d7b3a1563fd0b2d3020db0115baf92b4d,163622,local_elections data/bihar @ fa4c4e79
central_handoff/PRI_WINNER_2011/GAYA/GAYA_GPS.pdf,f5444ff287768688430ed669dc8071bf4f63112774765cc89f80ab177e12c4d2,768128,local_elections data/bihar @ fa4c4e79
central_handoff/PRI_WINNER_2011/GAYA/GAYA_PSS.pdf,cb60fec5b616317b7c957513f5f26805217e75ebc21d6834b79591cabf69a0ea,219309,local_elections data/bihar @ fa4c4e79
central_handoff/PRI_WINNER_2011/GAYA/GAYA_ZPS.pdf,13eae4707199fbb4b6fe1e9c8412e0636c06554c71ccb8c71b069d04fb89c6ea,86553,local_elections data/bihar @ fa4c4e79
central_handoff/PRI_WINNER_2011/GOPALGANJ/GOPALGANJ_GKP.pdf,ec264e0744f0d3a3d12b3841514ffbd6e6ee51e24b1ce9119fa25d775eca51c7,493968,local_elections data/bihar @ fa4c4e79
central_handoff/PRI_WINNER_2011/GOPALGANJ/GOPALGANJ_GKS.pdf,8ab6d55f2661cc9590956d272be292f21be5737055ae1764b028914cfc85c62c,118286,local_elections data/bihar @ fa4c4e79
central_handoff/PRI_WINNER_2011/GOPALGANJ/GOPALGANJ_GPM.pdf,949de44fe95c71d15d3ac41266d1195f0a508ed26cb06af2ee35e682f9e73261,121587,local_elections data/bihar @ fa4c4e79
central_handoff/PRI_WINNER_2011/GOPALGANJ/GOPALGANJ_GPS.pdf,adfbc7ef3fa38ef9687f7e0b85f54c1d7ff6ca002719b9717db321aaace55bfa,566362,local_elections data/bihar @ fa4c4e79
central_handoff/PRI_WINNER_2011/GOPALGANJ/GOPALGANJ_PSS.pdf,347398356d2e7f08e5153f5701ca05c7adbbe56be55e68bf6f668a194a0ad38f,132824,local_elections data/bihar @ fa4c4e79
central_handoff/PRI_WINNER_2011/GOPALGANJ/GOPALGANJ_ZPS.pdf,4c4064ee4cd9c9f06a21445b8a5d1e88e761f00941d34d0718fa40a5fbce2a25,80088,local_elections data/bihar @ fa4c4e79
central_handoff/PRI_WINNER_2011/JAMUI/JAMUI_GKP.pdf,3e0c79363118bb347de2773efa59fa7e6c71674fe3b1369bd106e77765b3029f,97515,local_elections data/bihar @ fa4c4e79
central_handoff/PRI_WINNER_2011/JAMUI/JAMUI_GKS.pdf,d46a9e034bb0bfaa0a382c7825d01c52932821a41d953e9f87929d8181ea1782,66006,local_elections data/bihar @ fa4c4e79
central_handoff/PRI_WINNER_2011/JAMUI/JAMUI_GPM.pdf,6b4eedb01dcc4dc8ad77ace27aa32ed217cee1d80b64adae4e5e84e4a2ee45e2,67624,local_elections data/bihar @ fa4c4e79
central_handoff/PRI_WINNER_2011/JAMUI/JAMUI_GPS.pdf,7b7ff9a6cb3fcb5a9ac2d28aa7133847be86bbc114c2bcc136e4f0e629a9da28,103605,local_elections data/bihar @ fa4c4e79
central_handoff/PRI_WINNER_2011/JAMUI/JAMUI_PSS.pdf,c3837f0d766e333f0680038cd20d7d466ee06e241bd2b22a2c6c6f42d9d7cb18,67498,local_elections data/bihar @ fa4c4e79
central_handoff/PRI_WINNER_2011/JAMUI/JAMUI_ZPS.pdf,31e390f4b18c1dc1ed50e9168ffaf34ee642672dbc76e09a08f950606fcba553,43211,local_elections data/bihar @ fa4c4e79
central_handoff/PRI_WINNER_2011/JEHANABAD/JEHANABAD_GKP.pdf,c6bbb08fdecc17ae73645e37f2705ab0747497789b5f7a516401f07700ed2470,79852,local_elections data/bihar @ fa4c4e79
central_handoff/PRI_WINNER_2011/JEHANABAD/JEHANABAD_GKS.pdf,09b39edc57edd64ac54810c183e352888815040b26cc1c10a30175110de63f97,91728,local_elections data/bihar @ fa4c4e79
central_handoff/PRI_WINNER_2011/JEHANABAD/JEHANABAD_GPM.pdf,318937ee9aa2f00c72032e7c7cb45bf7d1454388a027d6c399b01f188273b69b,93839,local_elections data/bihar @ fa4c4e79
central_handoff/PRI_WINNER_2011/JEHANABAD/JEHANABAD_GPS.pdf,62036f97b9b64a7bf3289c48655b004ebd247ae55bd6d7382674b0c752bd1ad5,92263,local_elections data/bihar @ fa4c4e79
central_handoff/PRI_WINNER_2011/JEHANABAD/JEHANABAD_PSS.pdf,9a6d2618d07de8158fbb05eac0f355741d2949a1f3d488f80595ce24d9c291f9,92239,local_elections data/bihar @ fa4c4e79
central_handoff/PRI_WINNER_2011/JEHANABAD/JEHANABAD_ZPS.pdf,d2733bae2c2954222730b6d6edf030ee9de58b140ab49c6a45f81ba248917637,72392,local_elections data/bihar @ fa4c4e79
central_handoff/PRI_WINNER_2011/KAIMUR/KAIMUR_GKP.pdf,3b67fa455abf200599d70372f5a584b7358467b335711e77d0bd3f2f822298d6,356883,local_elections data/bihar @ fa4c4e79
central_handoff/PRI_WINNER_2011/KAIMUR/KAIMUR_GKS.pdf,1ab167d37482d922b4a7c8dacdaa65b81780e2cb0629bd5435b828cd1e8b2919,100039,local_elections data/bihar @ fa4c4e79
central_handoff/PRI_WINNER_2011/KAIMUR/KAIMUR_GPM.pdf,4757d89e6d637bd880e8b82e7349ef46c7a22374b8ed1cc80387bb89d664ac4c,103299,local_elections data/bihar @ fa4c4e79
central_handoff/PRI_WINNER_2011/KAIMUR/KAIMUR_GPS.pdf,b09ee269930fe4f9273fa6b9bbce1fb0ec2afcd95f5888cd45ddaf386b969dca,389700,local_elections data/bihar @ fa4c4e79
central_handoff/PRI_WINNER_2011/KAIMUR/KAIMUR_PSS.pdf,afe7b1c798b64a6428dc02d4515eb4a185859a1ab0dabe040edbf954f2e7749f,109214,local_elections data/bihar @ fa4c4e79
central_handoff/PRI_WINNER_2011/KAIMUR/KAIMUR_ZPS.pdf,5a5627a1c0c5f3cd5b9c0e69520e775f7d1232240d835670f1b7fce2c5532c92,72758,local_elections data/bihar @ fa4c4e79
central_handoff/PRI_WINNER_2011/KATIHAR/KATIHAR_GKP.pdf,8b7ab9f3258e85250322c8f8c1de2a163e77513c9a3fbc2b5f1a3c02de467dc3,422059,local_elections data/bihar @ fa4c4e79
central_handoff/PRI_WINNER_2011/KATIHAR/KATIHAR_GKS.pdf,bfb3553d93107a81edca352533664816d5b287cebca05cb13fe25f433c72d0a2,135274,local_elections data/bihar @ fa4c4e79
central_handoff/PRI_WINNER_2011/KATIHAR/KATIHAR_GPM.pdf,0dd188f88eceae15a37ad9bd73e7174b5d6915439fed3463c39f8931e6b3b95a,141633,local_elections data/bihar @ fa4c4e79
central_handoff/PRI_WINNER_2011/KATIHAR/KATIHAR_GPS.pdf,97777613995179de5ff10c53318e99641174cb48b29764e272b120b578d374d1,510571,local_elections data/bihar @ fa4c4e79
central_handoff/PRI_WINNER_2011/KATIHAR/KATIHAR_PSS.pdf,f0c6d198539a6c5b68f34d796b475ed6d22acb3df20fd27be63f3a1f0eeb2981,142531,local_elections data/bihar @ fa4c4e79
central_handoff/PRI_WINNER_2011/KATIHAR/KATIHAR_ZPS.pdf,31e390f4b18c1dc1ed50e9168ffaf34ee642672dbc76e09a08f950606fcba553,43211,local_elections data/bihar @ fa4c4e79
central_handoff/PRI_WINNER_2011/KHAGARIA/KHAGARIA_GKP.pdf,49957f987cdebc1c993672a56a9d29e1aa5f62a7e1c8d47ff9554c8f2fba072b,320798,local_elections data/bihar @ fa4c4e79
central_handoff/PRI_WINNER_2011/KHAGARIA/KHAGARIA_GKS.pdf,5421f90cd34d355d53dd414502c8c48e953137f7fbc91173fbc12aeb1eaddb6d,106502,local_elections data/bihar @ fa4c4e79
central_handoff/PRI_WINNER_2011/KHAGARIA/KHAGARIA_GPM.pdf,44ebfc4d0b859c9ff9c09628ff7d430c148bc8ea59e56981ee4b975821f98dae,104292,local_elections data/bihar @ fa4c4e79
central_handoff/PRI_WINNER_2011/KHAGARIA/KHAGARIA_GPS.pdf,4551afe013e3699f09c539e8adcd6fe956a83a27a5c47c08bb28c04a6a05eaec,371154,local_elections data/bihar @ fa4c4e79
central_handoff/PRI_WINNER_2011/KHAGARIA/KHAGARIA_PSS.pdf,ecd3776a9257585d5359a35e35343a3d5b394f5970e72a0bf2d516f89dd96fb9,110547,local_elections data/bihar @ fa4c4e79
central_handoff/PRI_WINNER_2011/KHAGARIA/KHAGARIA_ZPS.pdf,3eb20ed92f65b793f50180a0a9cc340ea0028254100458e6f00a8b5df429ee55,76044,local_elections data/bihar @ fa4c4e79
central_handoff/PRI_WINNER_2011/KISHANGANJ/KISHANGANJ_GKP.pdf,4a951e67d3d20f156b4ed0543305825621ce7e4b857bf2b585fd91e8a5691d0e,325058,local_elections data/bihar @ fa4c4e79
central_handoff/PRI_WINNER_2011/KISHANGANJ/KISHANGANJ_GKS.pdf,9176cd3a4f15586bd018e142ba140ef836520877bc2350685cda914b3b62975b,98093,local_elections data/bihar @ fa4c4e79
central_handoff/PRI_WINNER_2011/KISHANGANJ/KISHANGANJ_GPM.pdf,180c1ef0f06e095bd5588c0bc5ad6b0aee124e9bf2d4f67e74d03a78d330992c,104379,local_elections data/bihar @ fa4c4e79
central_handoff/PRI_WINNER_2011/KISHANGANJ/KISHANGANJ_GPS.pdf,a2b70837d0ac5c4dffd530e6cbfc6f5ed8f66ec04ab9fe8f374e39dd0fe2a17b,360914,local_elections data/bihar @ fa4c4e79
central_handoff/PRI_WINNER_2011/KISHANGANJ/KISHANGANJ_PSS.pdf,8998ac7e3f88eebcef523ed60dfdb4b69b076611c46df51803cefd85a2b60a94,112941,local_elections data/bihar @ fa4c4e79
central_handoff/PRI_WINNER_2011/KISHANGANJ/KISHANGANJ_WPOST2001-2006.pdf,86a9e7a22d03de709751bcf00a815c219f6115d7e82f047f1c02d37370c97ffb,301250,local_elections data/bihar @ fa4c4e79
central_handoff/PRI_WINNER_2011/KISHANGANJ/KISHANGANJ_ZPS.pdf,9340f77ae882f6950491e5b499504c4e6092f32de531395529a20aabe40f3791,73179,local_elections data/bihar @ fa4c4e79
central_handoff/PRI_WINNER_2011/Lakhisaray/Lakhisaray_GKP.pdf,139d0a95bde90d82b388fa739c06f08318401913636b49b21c7381f4e872fc96,222096,local_elections data/bihar @ fa4c4e79
central_handoff/PRI_WINNER_2011/Lakhisaray/Lakhisaray_GKS.pdf,4ae08dffab130d8509e6cb877fd538f61933ee8eefe65bfa3cce1ad036465099,88485,local_elections data/bihar @ fa4c4e79
central_handoff/PRI_WINNER_2011/Lakhisaray/Lakhisaray_GPM.pdf,c6e444212d874f4fa5c911ceb2fb720a6b84b830a87d2532751d376b8bbcb63e,92601,local_elections data/bihar @ fa4c4e79
central_handoff/PRI_WINNER_2011/Lakhisaray/Lakhisaray_GPS.pdf,ccea5002ea11fb11549b95730811e99c804225afd688a035bf54075d596d3f52,201315,local_elections data/bihar @ fa4c4e79
central_handoff/PRI_WINNER_2011/Lakhisaray/Lakhisaray_PSS.pdf,ab3165f290ac77b0fc240ad3d27227bd0c710a034eb7b0b63eb930c45f49e096,130949,local_elections data/bihar @ fa4c4e79
central_handoff/PRI_WINNER_2011/Lakhisaray/Lakhisaray_ZPS.pdf,5f3ebc4fafc78caf025d4542bb6190c40cf4c10957e5338a7c61b726e587b458,67383,local_elections data/bihar @ fa4c4e79
central_handoff/PRI_WINNER_2011/MADHUBANI/MADHUBANI_GKP.pdf,c6f0b9aab6a114884f5cd1b8f2fed87d39eb7031c47ccc68861962de5f8e9669,102191,local_elections data/bihar @ fa4c4e79
central_handoff/PRI_WINNER_2011/MADHUBANI/MADHUBANI_GKS.pdf,9f3b50d667d967c1cccfb303a5b70a31500bb688999cc51eac3e16ee407a35d5,122016,local_elections data/bihar @ fa4c4e79
central_handoff/PRI_WINNER_2011/MADHUBANI/MADHUBANI_GPM.pdf,fb0ca2a0ff0b00ea61288e9fb8f79c3c2a793ccc33604a95022bb0d9ddb4024e,128258,local_elections data/bihar @ fa4c4e79
central_handoff/PRI_WINNER_2011/MADHUBANI/MADHUBANI_GPS.pdf,61da880b2bdd860839979ad36aabc2134a091815062c995ea99272323436aba5,179391,local_elections data/bihar @ fa4c4e79
central_handoff/PRI_WINNER_2011/MADHUBANI/MADHUBANI_PSS.pdf,9c034cd4bcf409188fe782998a02ad5f998d93ed4b1e3387c5e7a8019634a308,125474,local_elections data/bihar @ fa4c4e79
central_handoff/PRI_WINNER_2011/MADHUBANI/MADHUBANI_ZPS.pdf,e310a53740d4dd6e2133d9c29e7b16cb178fee76ab6c545ab1df6b02ddbbcf6c,43207,local_elections data/bihar @ fa4c4e79
central_handoff/PRI_WINNER_2011/NALANDA/NALANDA_GKP.pdf,d112ffc1bc7fb0e3e83a171922f0487b5a98695381c5e5bcd79d8aadcb197b08,338067,local_elections data/bihar @ fa4c4e79
central_handoff/PRI_WINNER_2011/NALANDA/NALANDA_GKS.pdf,eaf9da58f806b6851176f19eda434fdfee38f60833df2ddd6e52fd42083d68db,108345,local_elections data/bihar @ fa4c4e79
central_handoff/PRI_WINNER_2011/NALANDA/NALANDA_GPM.pdf,e0206112ba9a05ded994ff494ac09e2e948d8c5c425e8e5191e11be1e30e6602,111627,local_elections data/bihar @ fa4c4e79
central_handoff/PRI_WINNER_2011/NALANDA/NALANDA_GPS.pdf,21412ecbe69461b8fb189e8154284eb4b2b5ea47cd0b2fe5103159bc638eb069,223676,local_elections data/bihar @ fa4c4e79
central_handoff/PRI_WINNER_2011/NALANDA/NALANDA_PSS.pdf,df5fba5e6d8cbbb0781d789adfff90d03fa1fd4e9009928ffefa29a57b785681,260717,local_elections data/bihar @ fa4c4e79
central_handoff/PRI_WINNER_2011/NALANDA/NALANDA_ZPS.pdf,b8ab83c0ce2660d82ef551751f2db877df93e79397feb9efaf958cfd518144f8,62653,local_elections data/bihar @ fa4c4e79
central_handoff/PRI_WINNER_2011/PATNA/PATNA_GKP.pdf,f2414a8bcbcac7dab59fca1d2e152747e39192874102fecba50c03802cc1804a,578473,local_elections data/bihar @ fa4c4e79
central_handoff/PRI_WINNER_2011/PATNA/PATNA_GKS.pdf,e4b609ca9fdabc2c772af47311b9a0d99acc415319c6c2cd72abbb9beebfe52b,146807,local_elections data/bihar @ fa4c4e79
central_handoff/PRI_WINNER_2011/PATNA/PATNA_GPM.pdf,c88eca221d56ff27a9d2419926d7fd717b7c86ab43d70a006bd63948a1d0ba15,158119,local_elections data/bihar @ fa4c4e79
central_handoff/PRI_WINNER_2011/PATNA/PATNA_GPS.pdf,399bb861b79bd77fc9d1172d15206d090f48788d4da735ca666b32de36dc2b87,688098,local_elections data/bihar @ fa4c4e79
central_handoff/PRI_WINNER_2011/PATNA/PATNA_PSS.pdf,c19d14a07cd04e72a3b0a61ff3eef5618b105151d522aa2b3f5644d65885b095,161875,local_elections data/bihar @ fa4c4e79
central_handoff/PRI_WINNER_2011/PATNA/PATNA_WMFcount_on_categry.pdf,34a4c8cab1c3a7ef0e9ded7eb638499dec7bf9dd4583df2a3ef94abafc9da48c,74860,local_elections data/bihar @ fa4c4e79
central_handoff/PRI_WINNER_2011/PATNA/PATNA_ZPS.pdf,31e390f4b18c1dc1ed50e9168ffaf34ee642672dbc76e09a08f950606fcba553,43211,local_elections data/bihar @ fa4c4e79
central_handoff/PRI_WINNER_2011/Pramukh-Uppramukh.pdf,467a0c709e9a7bddef090739dcf882a2e97a9a1c650b161b7f985282eb9391da,53780,local_elections data/bihar @ fa4c4e79
central_handoff/PRI_WINNER_2011/ROHTAS/ROHTAS_GKP.pdf,30f8473b596e6ce6d43e11222cf657f4a9a5ee4491128a6b4012dad7ac129611,540166,local_elections data/bihar @ fa4c4e79
central_handoff/PRI_WINNER_2011/ROHTAS/ROHTAS_GKS.pdf,f362b0ad8e827679302598e601300634c7f71faa05072789194322d996a9bcf8,126629,local_elections data/bihar @ fa4c4e79
central_handoff/PRI_WINNER_2011/ROHTAS/ROHTAS_GPM.pdf,20ade9b30396c47c6ab180373ace9d29e3f6def52d7c75582016280542605b28,132195,local_elections data/bihar @ fa4c4e79
central_handoff/PRI_WINNER_2011/ROHTAS/ROHTAS_GPS.pdf,82fb87900fdaba90f183ec4475505c016a37612f383798f677b8fd9e6ea982c7,658804,local_elections data/bihar @ fa4c4e79
central_handoff/PRI_WINNER_2011/ROHTAS/ROHTAS_PSS.pdf,a66b1b7d7c929d1f3942edd95cd830459654197f28874a0683938a2462bbbc9e,141016,local_elections data/bihar @ fa4c4e79
central_handoff/PRI_WINNER_2011/ROHTAS/ROHTAS_WMFcount_on_post.pdf,1444581c52bcece8bcb442f6fedc77c83ae3643bee1b7585046c97730e85985d,74282,local_elections data/bihar @ fa4c4e79
central_handoff/PRI_WINNER_2011/ROHTAS/ROHTAS_ZPS.pdf,52817725c64828681651481b65e98bfd3fec5d1261b4817e1a304abf7648cbc5,57772,local_elections data/bihar @ fa4c4e79
central_handoff/PRI_WINNER_2011/SAHARSA/SAHARSA_GKP.pdf,442d560d7d18259fb462a9db5df74f1e51d2854e13a47fde46743449d736cd70,665535,local_elections data/bihar @ fa4c4e79
central_handoff/PRI_WINNER_2011/SAHARSA/SAHARSA_GKS.pdf,b31f0414da638eba51ed9c2e3702932432e1fcab031ee3ab3e018dc9ed793218,124234,local_elections data/bihar @ fa4c4e79
central_handoff/PRI_WINNER_2011/SAHARSA/SAHARSA_GPM.pdf,654dac0b54659dd3e6db29af706d3d022ec7c7d02fc329b808da7f477eda74cb,133163,local_elections data/bihar @ fa4c4e79
central_handoff/PRI_WINNER_2011/SAHARSA/SAHARSA_GPS.pdf,6cb5b1d5da5df843f38d393c972bfae3af3e8dd72b729fd4e32017a5ad371006,757789,local_elections data/bihar @ fa4c4e79
central_handoff/PRI_WINNER_2011/SAHARSA/SAHARSA_PSS.pdf,d651e5c2a20d7112009dc91f737c06e713c622371d5b896fb62fca5ed3d16469,139675,local_elections data/bihar @ fa4c4e79
central_handoff/PRI_WINNER_2011/SAHARSA/SAHARSA_ZPS.pdf,4492e0758dcf81281c5296c34d26ba18a15e0962192871d96639ea06c43a87ba,80847,local_elections data/bihar @ fa4c4e79
central_handoff/PRI_WINNER_2011/SAMASTIPUR/SAMASTIPUR_GKP.pdf,cc97aa7eae5742d5e2693c8fe7a1ab10bf571982ff5f8bb34624f31335e9cf03,419909,local_elections data/bihar @ fa4c4e79
central_handoff/PRI_WINNER_2011/SAMASTIPUR/SAMASTIPUR_GKS.pdf,26f854e7cba56636c94e9803635617d23068cbd0629b8b81aec16a34ed7c1b36,99411,local_elections data/bihar @ fa4c4e79
central_handoff/PRI_WINNER_2011/SAMASTIPUR/SAMASTIPUR_GPM.pdf,f6fb1d1b402363e7b59e3f2a28575320291efe36d2838f0126279c464566a3d0,102960,local_elections data/bihar @ fa4c4e79
central_handoff/PRI_WINNER_2011/SAMASTIPUR/SAMASTIPUR_GPS.pdf,8d19dd6eda4377a770e5eb25ffee73623b2479b330b2425cecd3e41e9428ae8a,441420,local_elections data/bihar @ fa4c4e79
central_handoff/PRI_WINNER_2011/SAMASTIPUR/SAMASTIPUR_PSS.pdf,977024d3c9c80c60c4f43f5f24c57c08d3c095f686794cd213d99583d27464c4,115747,local_elections data/bihar @ fa4c4e79
central_handoff/PRI_WINNER_2011/SAMASTIPUR/SAMASTIPUR_WMFcount_on_post.pdf,c9584c586f1bbf9f17e9b34cffabd6cf55bdc87b5354c9aaa13b305b23dcff16,66671,local_elections data/bihar @ fa4c4e79
central_handoff/PRI_WINNER_2011/SAMASTIPUR/SAMASTIPUR_ZPS.pdf,d6b620bc3da502c66b32c834d3c48bf2da769fa78849fb676ecfde1f2c092213,63739,local_elections data/bihar @ fa4c4e79
central_handoff/PRI_WINNER_2011/SARAN/SARAN_GKP.pdf,ab382d04b26920c1d2e8165a68a2f80c1de4424026746c4c07d6be4b1cfbf3b4,43149,local_elections data/bihar @ fa4c4e79
central_handoff/PRI_WINNER_2011/SARAN/SARAN_GKS.pdf,57dcc7241ef9afa0e1481403d49ef9cf40cca701c61b6f6d8ca950c3bf800342,145964,local_elections data/bihar @ fa4c4e79
central_handoff/PRI_WINNER_2011/SARAN/SARAN_GPM.pdf,e764d7b7a0f4efe76ef8be7fa5b18422d8db1c462078b409cbd78712e2264321,156253,local_elections data/bihar @ fa4c4e79
central_handoff/PRI_WINNER_2011/SARAN/SARAN_GPS.pdf,b645f305526a43e9f261089e1a12aff6453ef1e830150287baf2295594464045,43130,local_elections data/bihar @ fa4c4e79
central_handoff/PRI_WINNER_2011/SARAN/SARAN_PSS.pdf,199ab73f3a997e0144fdf31647c64596d322e17c43aa2a787f34fc8057c24ac7,163840,local_elections data/bihar @ fa4c4e79
central_handoff/PRI_WINNER_2011/SARAN/SARAN_ZPS.pdf,0da880848d69f2ae60adcf7532408015732866775120195d6289dd0fd8c63259,92226,local_elections data/bihar @ fa4c4e79
central_handoff/PRI_WINNER_2011/SIWAN/SIWAN_GKP.pdf,fe6b327e9bf84144c13f6355ddd4155f68fcc3194b3ba69413b86a72bc30f362,621377,local_elections data/bihar @ fa4c4e79
central_handoff/PRI_WINNER_2011/SIWAN/SIWAN_GKS.pdf,6fc6c3d503afb312588136d21bc4255688874bd91660d299ec53f1cd69573d3f,130872,local_elections data/bihar @ fa4c4e79
central_handoff/PRI_WINNER_2011/SIWAN/SIWAN_GPM.pdf,d6322569c2a32c4683cf9905191564e236ca4e1560669e52abcde6bc43ce63b8,140593,local_elections data/bihar @ fa4c4e79
central_handoff/PRI_WINNER_2011/SIWAN/SIWAN_GPS.pdf,aaccaaa34df8c9c7d1723611817f7e24d2b872655a69344eae1443d0d528916d,821574,local_elections data/bihar @ fa4c4e79
central_handoff/PRI_WINNER_2011/SIWAN/SIWAN_PSS.pdf,a6ca6033b31335e6b0fd908b0dd0eadb970a08f9fa5b709c68219bda56b31c42,172094,local_elections data/bihar @ fa4c4e79
central_handoff/PRI_WINNER_2011/SIWAN/SIWAN_ZPS.pdf,c74ac99356ccbbab2a9ea703bc16d8cfcfebe4c804b9bc7c6e3f6b41672d69cb,81018,local_elections data/bihar @ fa4c4e79
central_handoff/PRI_WINNER_2011/W.CHAMPARAN/W.CHAMPARAN_GKP.pdf,9afd8e22a187a7d1e18967e8920cd0a4b848fd9d5b17310a30176caeaac933ea,179245,local_elections data/bihar @ fa4c4e79
central_handoff/PRI_WINNER_2011/W.CHAMPARAN/W.CHAMPARAN_GKS.pdf,012c06637fb70876ab355df7624c5b9af5fe87d7e4c3aa3ec455d04ea378915b,86715,local_elections data/bihar @ fa4c4e79
central_handoff/PRI_WINNER_2011/W.CHAMPARAN/W.CHAMPARAN_GPM.pdf,fe954c610d131857d826b1d8b24df32bd8f24807a248831f3daa7c44af20b6ca,90934,local_elections data/bihar @ fa4c4e79
central_handoff/PRI_WINNER_2011/W.CHAMPARAN/W.CHAMPARAN_GPS.pdf,2beb3980338188d9dc6a488bc6aec259c777f1bc2f56981cc1b57e3d3a8f124a,166510,local_elections data/bihar @ fa4c4e79
central_handoff/PRI_WINNER_2011/W.CHAMPARAN/W.CHAMPARAN_PSS.pdf,bf17f2ebfa34641c694e1f54806376daa7fa11148fede75ec6ac0f95532300bf,129975,local_elections data/bihar @ fa4c4e79
central_handoff/PRI_WINNER_2011/W.CHAMPARAN/W.CHAMPARAN_ZPS.pdf,e310a53740d4dd6e2133d9c29e7b16cb178fee76ab6c545ab1df6b02ddbbcf6c,43207,local_elections data/bihar @ fa4c4e79
central_handoff/PRI_WINNER_2011/Winner-Runner Reports/GARAM-PANCHAYAT-REPORT/PRI_WINNER/GAYA/GAYA_GKP.pdf,3f57c1ec975e03464c4bee4beb33b1b578237a5a878e2fdcdf728430f318c5b5,582888,local_elections data/bihar @ fa4c4e79
central_handoff/PRI_WINNER_2011/Winner-Runner Reports/GARAM-PANCHAYAT-REPORT/PRI_WINNER/GAYA/GAYA_GKS.pdf,7cb37ab30adc625a55d272d64feae8ba45dedaf9d7a0f5f8998415867cc74a9f,151580,local_elections data/bihar @ fa4c4e79
central_handoff/PRI_WINNER_2011/Winner-Runner Reports/GARAM-PANCHAYAT-REPORT/PRI_WINNER/GAYA/GAYA_GPM.pdf,d1b3d170aa9a0691c19ae3020624d60f9132ef71d5dec549161a40f4e208d92f,162204,local_elections data/bihar @ fa4c4e79
central_handoff/PRI_WINNER_2011/Winner-Runner Reports/GARAM-PANCHAYAT-REPORT/PRI_WINNER/GAYA/GAYA_GPS.pdf,750903eec8ec7dbe3f095c853ad4fe5b15d3740367d31780832878d5687198b8,807638,local_elections data/bihar @ fa4c4e79
central_handoff/PRI_WINNER_2011/Winner-Runner Reports/GARAM-PANCHAYAT-REPORT/PRI_WINNER/GAYA/GAYA_PSS.pdf,428c4847294985dd6fda66624db4b1fea374d434989104de04ed2e1883001e42,185531,local_elections data/bihar @ fa4c4e79
central_handoff/PRI_WINNER_2011/Winner-Runner Reports/GARAM-PANCHAYAT-REPORT/PRI_WINNER/GAYA/GAYA_WMFcount_on_categry.pdf,c3384c9c0669433fd97d218632cac7fb2607fa37b24c5e8ec620f181d38526a0,87103,local_elections data/bihar @ fa4c4e79
central_handoff/PRI_WINNER_2011/Winner-Runner Reports/GARAM-PANCHAYAT-REPORT/PRI_WINNER/GAYA/GAYA_WMFcount_on_post.pdf,38f762757bfe6ecb9745d4e5db4b5980f150393ddd646f474eaf4af0e1f84749,87627,local_elections data/bihar @ fa4c4e79
central_handoff/PRI_WINNER_2011/Winner-Runner Reports/GARAM-PANCHAYAT-REPORT/PRI_WINNER/GAYA/GAYA_ZPS.pdf,7d1ee7d78c32a3bd9c6262d1a6ff9d1bb3c90e64e57a7130cd062a8e66004f74,86476,local_elections data/bihar @ fa4c4e79
central_handoff/PRI_WINNER_2011/Winner-Runner Reports/GARAM-PANCHAYAT-REPORT/PRI_WINNER/GAYA/GAYA_w_count.pdf,fe8f6987ed7683a371580cf34d927bfb53591f46f8690ba31930f3d3fa3b1f88,63539,local_elections data/bihar @ fa4c4e79
central_handoff/PRI_WINNER_2011/Winner-Runner Reports/GARAM-PANCHAYAT-REPORT/PRI_WINNER/GOPALGANJ/GOPALGANJ_GKP.pdf,bc1f29557a244b43c876bb99879da53b601a5307ce5f8f7b3e5b9b6ed6aa2e9f,493404,local_elections data/bihar @ fa4c4e79
central_handoff/PRI_WINNER_2011/Winner-Runner Reports/GARAM-PANCHAYAT-REPORT/PRI_WINNER/GOPALGANJ/GOPALGANJ_GKS.pdf,d82d0685035650fbda44f45bcdb992274c6a793a79048bdc23d7e3717d8620ca,115781,local_elections data/bihar @ fa4c4e79
central_handoff/PRI_WINNER_2011/Winner-Runner Reports/GARAM-PANCHAYAT-REPORT/PRI_WINNER/GOPALGANJ/GOPALGANJ_GPM.pdf,0902c9ee18057c202ea596f7814ecbff16b2f9ae060afa027fa0567b1c7c3667,119264,local_elections data/bihar @ fa4c4e79
central_handoff/PRI_WINNER_2011/Winner-Runner Reports/GARAM-PANCHAYAT-REPORT/PRI_WINNER/GOPALGANJ/GOPALGANJ_GPS.pdf,1a24940991e445c8f6643c98f78efdaab3ad635e8b08ecba5400573233c0f515,566023,local_elections data/bihar @ fa4c4e79
central_handoff/PRI_WINNER_2011/Winner-Runner Reports/GARAM-PANCHAYAT-REPORT/PRI_WINNER/GOPALGANJ/GOPALGANJ_PSS.pdf,f0e435286683769b07e2e9a4c10372dc12918153c13f9e5688b3fc11093c3dbc,132868,local_elections data/bihar @ fa4c4e79
central_handoff/PRI_WINNER_2011/Winner-Runner Reports/GARAM-PANCHAYAT-REPORT/PRI_WINNER/GOPALGANJ/GOPALGANJ_WMFcount_on_categry.pdf,3fe4610d07753e53fee83618e1519840e602613324b709ee9d3dcf7d8c54c084,72916,local_elections data/bihar @ fa4c4e79
central_handoff/PRI_WINNER_2011/Winner-Runner Reports/GARAM-PANCHAYAT-REPORT/PRI_WINNER/GOPALGANJ/GOPALGANJ_WMFcount_on_post.pdf,767a65760a5a50d9d03ae46aa837a8f82d4c982f32ced7ee39741471209c3fd8,71909,local_elections data/bihar @ fa4c4e79
central_handoff/PRI_WINNER_2011/Winner-Runner Reports/GARAM-PANCHAYAT-REPORT/PRI_WINNER/GOPALGANJ/GOPALGANJ_ZPS.pdf,b4e81b922822ebf7be58221507e4f2332960e12a66eebb445ea3bfb5d75a091e,80087,local_elections data/bihar @ fa4c4e79
central_handoff/PRI_WINNER_2011/Winner-Runner Reports/GARAM-PANCHAYAT-REPORT/PRI_WINNER/GOPALGANJ/GOPALGANJ_w_count.pdf,ce2f17528528eb022e7896a5c28f26a329242bbe9d42d2683975d3acc3f96a0d,60478,local_elections data/bihar @ fa4c4e79
central_handoff/PRI_WINNER_2011/Winner-Runner Reports/GARAM-PANCHAYAT-REPORT/PRI_WINNER/JEHANABAD/JEHANABAD_GKP.pdf,df99c56f7cb364d8ea8c07af9da68ce64993dbf8fdc41f9f9b497819c1346444,79540,local_elections data/bihar @ fa4c4e79
central_handoff/PRI_WINNER_2011/Winner-Runner Reports/GARAM-PANCHAYAT-REPORT/PRI_WINNER/JEHANABAD/JEHANABAD_GKS.pdf,56dcb48fee8df0f88cf3743cb42b336a24952665f42d8352fca62010151f895d,90086,local_elections data/bihar @ fa4c4e79
central_handoff/PRI_WINNER_2011/Winner-Runner Reports/GARAM-PANCHAYAT-REPORT/PRI_WINNER/JEHANABAD/JEHANABAD_GPM.pdf,c9afe77f4aa4bb0a9b78af4b88e3e5a24a43ec2311da7691fc672b251fe0f2c8,93095,local_elections data/bihar @ fa4c4e79
central_handoff/PRI_WINNER_2011/Winner-Runner Reports/GARAM-PANCHAYAT-REPORT/PRI_WINNER/JEHANABAD/JEHANABAD_GPS.pdf,127ed489df0f5632afa418be58f6c7975734b3569c20cae733c57d661fea9c2a,92261,local_elections data/bihar @ fa4c4e79
central_handoff/PRI_WINNER_2011/Winner-Runner Reports/GARAM-PANCHAYAT-REPORT/PRI_WINNER/JEHANABAD/JEHANABAD_PSS.pdf,c7e4e5e93795598e4ddf8359c755b7797bdb7337b3d2e7fea533cfad3f28697a,92185,local_elections data/bihar @ fa4c4e79
central_handoff/PRI_WINNER_2011/Winner-Runner Reports/GARAM-PANCHAYAT-REPORT/PRI_WINNER/JEHANABAD/JEHANABAD_WMFcount_on_categry.pdf,fd17052664d2e5133d148ec07d809f9a3c108f1291a365d586ef10300926d9c4,65773,local_elections data/bihar @ fa4c4e79
central_handoff/PRI_WINNER_2011/Winner-Runner Reports/GARAM-PANCHAYAT-REPORT/PRI_WINNER/JEHANABAD/JEHANABAD_WMFcount_on_post.pdf,1f019184b98dff8d271dd008605bf3ff3ae9b086d7cc273540067c82957825a3,64656,local_elections data/bihar @ fa4c4e79
central_handoff/PRI_WINNER_2011/Winner-Runner Reports/GARAM-PANCHAYAT-REPORT/PRI_WINNER/JEHANABAD/JEHANABAD_ZPS.pdf,b2ce4dd2878891008415e3f90de82da3a0c91c2efae7ce6b03fe790837b8eb0c,72443,local_elections data/bihar @ fa4c4e79
central_handoff/PRI_WINNER_2011/Winner-Runner Reports/GARAM-PANCHAYAT-REPORT/PRI_WINNER/JEHANABAD/JEHANABAD_w_count.pdf,33bff947ebee6f58fd5d4c0c33d2cab17a0295213c8b7bf8022809bb60cb8946,58098,local_elections data/bihar @ fa4c4e79
central_handoff/PRI_WINNER_2011/Winner-Runner Reports/GARAM-PANCHAYAT-REPORT/PRI_WINNER/KHAGARIA/KHAGARIA_GKP.pdf,7d4acae173d302119af1d31524261803ed9a162f7914a271cfffd57b75e69cc6,320593,local_elections data/bihar @ fa4c4e79
central_handoff/PRI_WINNER_2011/Winner-Runner Reports/GARAM-PANCHAYAT-REPORT/PRI_WINNER/KHAGARIA/KHAGARIA_GKS.pdf,a5a8caf530810423817abc7ecf9f8a2f4176bbdebb92a573be3f4ca421d14324,103550,local_elections data/bihar @ fa4c4e79
central_handoff/PRI_WINNER_2011/Winner-Runner Reports/GARAM-PANCHAYAT-REPORT/PRI_WINNER/KHAGARIA/KHAGARIA_GPM.pdf,af80284a038da72861048f3d87ce57b217d4412a11d04f5b6417e1e03c005887,101203,local_elections data/bihar @ fa4c4e79
central_handoff/PRI_WINNER_2011/Winner-Runner Reports/GARAM-PANCHAYAT-REPORT/PRI_WINNER/KHAGARIA/KHAGARIA_GPS.pdf,10b89e311a8c3abeda83f1218002c98e329d514b5e81238b4c315804bcebcd4e,369155,local_elections data/bihar @ fa4c4e79
central_handoff/PRI_WINNER_2011/Winner-Runner Reports/GARAM-PANCHAYAT-REPORT/PRI_WINNER/KHAGARIA/KHAGARIA_PSS.pdf,8df1dcaa88840bc613056dfbf81827c8dc0e7478bfcdbb75c97dc6abe47e5782,110622,local_elections data/bihar @ fa4c4e79
central_handoff/PRI_WINNER_2011/Winner-Runner Reports/GARAM-PANCHAYAT-REPORT/PRI_WINNER/KHAGARIA/KHAGARIA_WMFcount_on_categry.pdf,5be2d50d4fbdbbbbaf3984841726fa1ccd0111a4a0edce12bc2119cff93a6cf4,66104,local_elections data/bihar @ fa4c4e79
central_handoff/PRI_WINNER_2011/Winner-Runner Reports/GARAM-PANCHAYAT-REPORT/PRI_WINNER/KHAGARIA/KHAGARIA_WMFcount_on_post.pdf,42456ea16d6599973799d26c2190deeb0d7e3a42265db5f2e1c6c8091b54c89c,66449,local_elections data/bihar @ fa4c4e79
central_handoff/PRI_WINNER_2011/Winner-Runner Reports/GARAM-PANCHAYAT-REPORT/PRI_WINNER/KHAGARIA/KHAGARIA_ZPS.pdf,64d0468e6b9e641bb49053cddd8015b8d322ce2bfcbf7c0cf26291ecd2928546,76041,local_elections data/bihar @ fa4c4e79
central_handoff/PRI_WINNER_2011/Winner-Runner Reports/GARAM-PANCHAYAT-REPORT/PRI_WINNER/KHAGARIA/KHAGARIA_w_count.pdf,6dbf878b2490bb47aaf31e8c1b0bf92c6dbbb284feb873e6b04a97bd2e87f474,58322,local_elections data/bihar @ fa4c4e79
central_handoff/PRI_WINNER_2011/Winner-Runner Reports/GARAM-PANCHAYAT-REPORT/PRI_WINNER/Lakhisaray/Lakhisaray_GKP.pdf,95874559a338a94828e1231c2e2b41331a0fd880f61a43aa5adb9d1374f10041,222424,local_elections data/bihar @ fa4c4e79
central_handoff/PRI_WINNER_2011/Winner-Runner Reports/GARAM-PANCHAYAT-REPORT/PRI_WINNER/Lakhisaray/Lakhisaray_GKS.pdf,e7df48d0ab8f2c058fa061c36456f9ca4f0862aed37ffde36fed7713a8c66714,86905,local_elections data/bihar @ fa4c4e79
central_handoff/PRI_WINNER_2011/Winner-Runner Reports/GARAM-PANCHAYAT-REPORT/PRI_WINNER/Lakhisaray/Lakhisaray_GPM.pdf,d5176f073aa19f6177dfc2069d5de92c5a113f284ce0c4d9535714f4b0821231,90993,local_elections data/bihar @ fa4c4e79
central_handoff/PRI_WINNER_2011/Winner-Runner Reports/GARAM-PANCHAYAT-REPORT/PRI_WINNER/Lakhisaray/Lakhisaray_GPS.pdf,9683f45feff1f3dcc083b430b6951f2eb2e5098c7c25028a8bf7d9d1df46a6cd,241961,local_elections data/bihar @ fa4c4e79
central_handoff/PRI_WINNER_2011/Winner-Runner Reports/GARAM-PANCHAYAT-REPORT/PRI_WINNER/Lakhisaray/Lakhisaray_PSS.pdf,9eb2e533de2aaa2cfd3680fcee4b71a63e41db1ce71caed4b44583574cd3f115,92768,local_elections data/bihar @ fa4c4e79
central_handoff/PRI_WINNER_2011/Winner-Runner Reports/GARAM-PANCHAYAT-REPORT/PRI_WINNER/Lakhisaray/Lakhisaray_WMFcount_on_categry.pdf,cec7b89a9fbcfc00cf79faea94a94a389aacd09f5eb9e3f0d4d9706a4a46e664,64290,local_elections data/bihar @ fa4c4e79
central_handoff/PRI_WINNER_2011/Winner-Runner Reports/GARAM-PANCHAYAT-REPORT/PRI_WINNER/Lakhisaray/Lakhisaray_WMFcount_on_post.pdf,66c6c1fed98344c2c72d20b686b1dd6f1e0ec71783076ce61872a2ddad12be9f,63260,local_elections data/bihar @ fa4c4e79
central_handoff/PRI_WINNER_2011/Winner-Runner Reports/GARAM-PANCHAYAT-REPORT/PRI_WINNER/Lakhisaray/Lakhisaray_ZPS.pdf,45dae5cf193d8b7e6a4dccde50073d46c9b4c40b8c3a67ea6a24ee7531949aa6,67714,local_elections data/bihar @ fa4c4e79
central_handoff/PRI_WINNER_2011/Winner-Runner Reports/GARAM-PANCHAYAT-REPORT/PRI_WINNER/Lakhisaray/Lakhisaray_w_count.pdf,136a5f3aa366b9c2521fdd615327e41d300fe22b4bc8b384bde31d906f63627b,56631,local_elections data/bihar @ fa4c4e79
central_handoff/PRI_WINNER_2011/Winner-Runner Reports/GARAM-PANCHAYAT-REPORT/PRI_WINNER/PATNA/PATNA_GKP.pdf,d19e22108541ba86b8dbe7f2cdc9a33bcc6ee8a06d73db456eb0a95efa1b4251,321395,local_elections data/bihar @ fa4c4e79
central_handoff/PRI_WINNER_2011/Winner-Runner Reports/GARAM-PANCHAYAT-REPORT/PRI_WINNER/PATNA/PATNA_GKS.pdf,4ac5b42bb12d1a47d982385362556e8ba4254be4c80b9242ebdad7f976ae58d0,103827,local_elections data/bihar @ fa4c4e79
central_handoff/PRI_WINNER_2011/Winner-Runner Reports/GARAM-PANCHAYAT-REPORT/PRI_WINNER/PATNA/PATNA_GPM.pdf,9b00e62b806e59273b548a94153ad2b24a28aea3a8ac5b1524d34046344e4791,111272,local_elections data/bihar @ fa4c4e79
central_handoff/PRI_WINNER_2011/Winner-Runner Reports/GARAM-PANCHAYAT-REPORT/PRI_WINNER/PATNA/PATNA_GPS.pdf,d2c3dc104cca95e23f7c9785c48104ba9be06de4bd044e517168180c1b014b56,370056,local_elections data/bihar @ fa4c4e79
central_handoff/PRI_WINNER_2011/Winner-Runner Reports/GARAM-PANCHAYAT-REPORT/PRI_WINNER/PATNA/PATNA_PSS.pdf,83d4cad9e053455a1183c31e1acf996acbdb160f8cd8cd5f594c58ba009e7783,112483,local_elections data/bihar @ fa4c4e79
central_handoff/PRI_WINNER_2011/Winner-Runner Reports/GARAM-PANCHAYAT-REPORT/PRI_WINNER/PATNA/PATNA_WMFcount_on_categry.pdf,408fbb25dd336d83b791897dabed65b15e3786e9c0a3aa9e68f91c851ab68885,68627,local_elections data/bihar @ fa4c4e79
central_handoff/PRI_WINNER_2011/Winner-Runner Reports/GARAM-PANCHAYAT-REPORT/PRI_WINNER/PATNA/PATNA_WMFcount_on_post.pdf,c57bdffe39d5eb3eeb7b5bdb4c3bfbc4dca60496d5f65738c042786095e84e1e,65185,local_elections data/bihar @ fa4c4e79
central_handoff/PRI_WINNER_2011/Winner-Runner Reports/GARAM-PANCHAYAT-REPORT/PRI_WINNER/PATNA/PATNA_ZPS.pdf,f1d29709c57a48a92a864e0b9e46978cb79ee963ca470b81a44b6ecdebfe9b4d,43219,local_elections data/bihar @ fa4c4e79
central_handoff/PRI_WINNER_2011/Winner-Runner Reports/GARAM-PANCHAYAT-REPORT/PRI_WINNER/PATNA/PATNA_w_count.pdf,edaff11635bc6d5f47b02a976546baa4f3c6b2072427f271c4ab42ff66bef6a8,59117,local_elections data/bihar @ fa4c4e79
central_handoff/PRI_WINNER_2011/Winner-Runner Reports/GARAM-PANCHAYAT-REPORT/PRI_WINNER/ROHTAS/ROHTAS_GKP.pdf,aa09bddae0eecc8a1cba56f8b25d8421cc50246a33636ff190a32e85c83b480c,539589,local_elections data/bihar @ fa4c4e79
central_handoff/PRI_WINNER_2011/Winner-Runner Reports/GARAM-PANCHAYAT-REPORT/PRI_WINNER/ROHTAS/ROHTAS_GKS.pdf,159b7d60efaa4e06c9445a0271ce79d2527039719c5f839fdc2f6d6fc0d8c02e,124159,local_elections data/bihar @ fa4c4e79
central_handoff/PRI_WINNER_2011/Winner-Runner Reports/GARAM-PANCHAYAT-REPORT/PRI_WINNER/ROHTAS/ROHTAS_GPM.pdf,9bdcdbbe1ef84a5080e54de4b71242bf7861d4ba46e3c0338a3307e4c62cfe02,130463,local_elections data/bihar @ fa4c4e79
central_handoff/PRI_WINNER_2011/Winner-Runner Reports/GARAM-PANCHAYAT-REPORT/PRI_WINNER/ROHTAS/ROHTAS_GPS.pdf,026cdc3e0219cda9ca12710ea558fff79e838424822c6cd7b5d3c0843a182e1b,658105,local_elections data/bihar @ fa4c4e79
central_handoff/PRI_WINNER_2011/Winner-Runner Reports/GARAM-PANCHAYAT-REPORT/PRI_WINNER/ROHTAS/ROHTAS_PSS.pdf,02148dc5d853e14ada4e4da7e38b7291a663ddb0ecb804dae47eae376767c974,140933,local_elections data/bihar @ fa4c4e79
central_handoff/PRI_WINNER_2011/Winner-Runner Reports/GARAM-PANCHAYAT-REPORT/PRI_WINNER/ROHTAS/ROHTAS_WMFcount_on_categry.pdf,b17e6789dabbb2fde537a64b7013f9e2b5ff4064c711e2c98c31d3e649d50041,74648,local_elections data/bihar @ fa4c4e79
central_handoff/PRI_WINNER_2011/Winner-Runner Reports/GARAM-PANCHAYAT-REPORT/PRI_WINNER/ROHTAS/ROHTAS_WMFcount_on_post.pdf,6f10bc8d1a24106b324e8918b011f629ba9fad96aebe1792bc60fd180b9a2c65,75059,local_elections data/bihar @ fa4c4e79
central_handoff/PRI_WINNER_2011/Winner-Runner Reports/GARAM-PANCHAYAT-REPORT/PRI_WINNER/ROHTAS/ROHTAS_ZPS.pdf,ef247aa1a7fb65c92faf4691caeb71ee0a51d98ffdd73b3dfbcdd3c1ec8f7ab4,57771,local_elections data/bihar @ fa4c4e79
central_handoff/PRI_WINNER_2011/Winner-Runner Reports/GARAM-PANCHAYAT-REPORT/PRI_WINNER/ROHTAS/ROHTAS_w_count.pdf,b52bcdf2ccaf43805f83185f61dbf24c7a0977da11d0d52fba35bd99a7ce75e0,60821,local_elections data/bihar @ fa4c4e79
central_handoff/PRI_WINNER_2011/Winner-Runner Reports/GARAM-PANCHAYAT-REPORT/PRI_WINNER/SIWAN/SIWAN_GKP.pdf,18d7ffbdf110805132d82aedeaaf97126f3d8be698a1e64c34cb58f725af6d90,615350,local_elections data/bihar @ fa4c4e79
central_handoff/PRI_WINNER_2011/Winner-Runner Reports/GARAM-PANCHAYAT-REPORT/PRI_WINNER/SIWAN/SIWAN_GKS.pdf,91e5eb4222f9722d957e6090e45608a86ff814dfc545f4a0b7e2292990820858,128798,local_elections data/bihar @ fa4c4e79
central_handoff/PRI_WINNER_2011/Winner-Runner Reports/GARAM-PANCHAYAT-REPORT/PRI_WINNER/SIWAN/SIWAN_GPM.pdf,59cf93f1cc7c945c04d6f35e64a7eb002badc10404d610ca28b5c0e2679a13c6,139012,local_elections data/bihar @ fa4c4e79
central_handoff/PRI_WINNER_2011/Winner-Runner Reports/GARAM-PANCHAYAT-REPORT/PRI_WINNER/SIWAN/SIWAN_GPS.pdf,0fca84a49e595414f63ca9887f8b76a593674378eddb0e93b1dc1186a6044d3d,822147,local_elections data/bihar @ fa4c4e79
central_handoff/PRI_WINNER_2011/Winner-Runner Reports/GARAM-PANCHAYAT-REPORT/PRI_WINNER/SIWAN/SIWAN_PSS.pdf,a1b578913c74112a912514b9f9ab0b5467b519731e740b62581947a6c14e12d2,169973,local_elections data/bihar @ fa4c4e79
central_handoff/PRI_WINNER_2011/Winner-Runner Reports/GARAM-PANCHAYAT-REPORT/PRI_WINNER/SIWAN/SIWAN_WMFcount_on_categry.pdf,e49368f40b0936ba78ca0ebbe4ecea68a6e44f1fcd92f2cfb38b927ffb8fb3fd,84868,local_elections data/bihar @ fa4c4e79
central_handoff/PRI_WINNER_2011/Winner-Runner Reports/GARAM-PANCHAYAT-REPORT/PRI_WINNER/SIWAN/SIWAN_WMFcount_on_post.pdf,918bc811fc80a6eec10e4547181168d60e843e89002b6e07d2b75045f1103b87,89768,local_elections data/bihar @ fa4c4e79
central_handoff/PRI_WINNER_2011/Winner-Runner Reports/GARAM-PANCHAYAT-REPORT/PRI_WINNER/SIWAN/SIWAN_ZPS.pdf,ab3d8cbc94b7312124f262a3b82ae8644047ce81a5f1c0fa73c644ad1ecaa049,81000,local_elections data/bihar @ fa4c4e79
central_handoff/PRI_WINNER_2011/Winner-Runner Reports/GARAM-PANCHAYAT-REPORT/PRI_WINNER/SIWAN/SIWAN_w_count.pdf,0f7941a3bdc55e250586748f795dfdc70004dadcf00b705b19c69c30d0308e66,67998,local_elections data/bihar @ fa4c4e79
central_handoff/PRI_WINNER_2011/Winner-Runner Reports/GARAM-PANCHAYAT-REPORT/RUNNER/GAYA/GAYA_RMFcount_on_categry.pdf,de66d2cfe6cc715cceb2c37eabecbcd60b5a961a0f411e98fbe8c71a1e854095,88376,local_elections data/bihar @ fa4c4e79
central_handoff/PRI_WINNER_2011/Winner-Runner Reports/GARAM-PANCHAYAT-REPORT/RUNNER/GAYA/GAYA_RMFcount_on_post.pdf,67039c8fd9bfddf57b029b868f55784f58e80cb780836caec2727acc6049b938,87509,local_elections data/bihar @ fa4c4e79
central_handoff/PRI_WINNER_2011/Winner-Runner Reports/GARAM-PANCHAYAT-REPORT/RUNNER/GAYA/GAYA_R_count.pdf,d5a2fea04ed7328219b7ff0be867974ae8f036c859b932011618460b620e7682,63571,local_elections data/bihar @ fa4c4e79
central_handoff/PRI_WINNER_2011/Winner-Runner Reports/GARAM-PANCHAYAT-REPORT/RUNNER/GAYA/GAYA_gkp.pdf,44c6df6c02d3b517c36ded55c0b052d0872fa1f22be5db29561b1bcebb22f005,700724,local_elections data/bihar @ fa4c4e79
central_handoff/PRI_WINNER_2011/Winner-Runner Reports/GARAM-PANCHAYAT-REPORT/RUNNER/GAYA/GAYA_gks.pdf,033228a60e5bdb59dcd8e28691408600692924ca1e118a0faba3392ab33ca3b2,170383,local_elections data/bihar @ fa4c4e79
central_handoff/PRI_WINNER_2011/Winner-Runner Reports/GARAM-PANCHAYAT-REPORT/RUNNER/GAYA/GAYA_gpm.pdf,466dee40ce85a3faae20425223859cc50713e8af9ffa5efcaebbae219f6dff5d,176100,local_elections data/bihar @ fa4c4e79
central_handoff/PRI_WINNER_2011/Winner-Runner Reports/GARAM-PANCHAYAT-REPORT/RUNNER/GAYA/GAYA_gps.pdf,97f0e1022a8fd56524b8d0bbe9ffa17cdaef15cf3f2fdb7c7b3752e3409425dc,1108086,local_elections data/bihar @ fa4c4e79
central_handoff/PRI_WINNER_2011/Winner-Runner Reports/GARAM-PANCHAYAT-REPORT/RUNNER/GAYA/GAYA_pss.pdf,2d9629aa9065ca415a7a2d5e5c80fb0e316ad415cc19f0a10e41366431ec6560,224707,local_elections data/bihar @ fa4c4e79
central_handoff/PRI_WINNER_2011/Winner-Runner Reports/GARAM-PANCHAYAT-REPORT/RUNNER/GAYA/GAYA_zps.pdf,e994613313a77bb5b405874e330e58b43ab440c4b4c2da8e68c097dc87149706,86603,local_elections data/bihar @ fa4c4e79
central_handoff/PRI_WINNER_2011/Winner-Runner Reports/GARAM-PANCHAYAT-REPORT/RUNNER/GOPALGANJ/GOPALGANJ_RMFcount_on_categry.pdf,99f9922c86c56336be7200be68e9556bee867f2f343c505b69bb0d29725c22ec,72932,local_elections data/bihar @ fa4c4e79
central_handoff/PRI_WINNER_2011/Winner-Runner Reports/GARAM-PANCHAYAT-REPORT/RUNNER/GOPALGANJ/GOPALGANJ_RMFcount_on_post.pdf,1a47440b0ae45985170aab447b4083b78b1dc4112a40532d6e7a4537bd1a964d,72050,local_elections data/bihar @ fa4c4e79
central_handoff/PRI_WINNER_2011/Winner-Runner Reports/GARAM-PANCHAYAT-REPORT/RUNNER/GOPALGANJ/GOPALGANJ_R_count.pdf,bcf8378f96334f3b578fa60bac4a586bc9ba56f9b41c76764bbb6793831d135c,60500,local_elections data/bihar @ fa4c4e79
central_handoff/PRI_WINNER_2011/Winner-Runner Reports/GARAM-PANCHAYAT-REPORT/RUNNER/GOPALGANJ/GOPALGANJ_gkp.pdf,77a80603887fb7de0e61a46d4fa123e31c55ffed479badaa368e37dc29027189,576728,local_elections data/bihar @ fa4c4e79
central_handoff/PRI_WINNER_2011/Winner-Runner Reports/GARAM-PANCHAYAT-REPORT/RUNNER/GOPALGANJ/GOPALGANJ_gks.pdf,b7e3701889396fba62b4f75a778a95272bfe63eff903d905827ed2d5fa50573a,134372,local_elections data/bihar @ fa4c4e79
central_handoff/PRI_WINNER_2011/Winner-Runner Reports/GARAM-PANCHAYAT-REPORT/RUNNER/GOPALGANJ/GOPALGANJ_gpm.pdf,09925308d691ce1a7a4e59978ac10c2898a338dc35da7f9843d90621cea766e5,135728,local_elections data/bihar @ fa4c4e79
central_handoff/PRI_WINNER_2011/Winner-Runner Reports/GARAM-PANCHAYAT-REPORT/RUNNER/GOPALGANJ/GOPALGANJ_gps.pdf,fb999f0900a1a79be59dbe3229f2158c0dbda95d5d4fa827d33523b4b83c1de7,749567,local_elections data/bihar @ fa4c4e79
central_handoff/PRI_WINNER_2011/Winner-Runner Reports/GARAM-PANCHAYAT-REPORT/RUNNER/GOPALGANJ/GOPALGANJ_pss.pdf,9dffe54e89cfd9016119500ec275276eea2992b5e8e5ff65eeacdcf4b1ca9d2a,154320,local_elections data/bihar @ fa4c4e79
central_handoff/PRI_WINNER_2011/Winner-Runner Reports/GARAM-PANCHAYAT-REPORT/RUNNER/GOPALGANJ/GOPALGANJ_zps.pdf,a0ce5da2fd0dc4f94d719c47c752fd6634a1fb5db854997dd47934cb03e3dde4,79450,local_elections data/bihar @ fa4c4e79
central_handoff/PRI_WINNER_2011/Winner-Runner Reports/GARAM-PANCHAYAT-REPORT/RUNNER/JEHANABAD/JEHANABAD_RMFcount_on_categry.pdf,89cc9eab2c9906ac68e4bf617b7b0ab0fa7746b42203f5c7a2001312a5a6975e,65601,local_elections data/bihar @ fa4c4e79
central_handoff/PRI_WINNER_2011/Winner-Runner Reports/GARAM-PANCHAYAT-REPORT/RUNNER/JEHANABAD/JEHANABAD_RMFcount_on_post.pdf,e6d13a03dbae06a69923ce19a3230f0ddc7420e53fc152bf3e9c0f52686a01d8,64903,local_elections data/bihar @ fa4c4e79
central_handoff/PRI_WINNER_2011/Winner-Runner Reports/GARAM-PANCHAYAT-REPORT/RUNNER/JEHANABAD/JEHANABAD_R_count.pdf,2c282180d1658bd939e3cbed3230b32977194707963432b18efd017622fdbb87,58136,local_elections data/bihar @ fa4c4e79
central_handoff/PRI_WINNER_2011/Winner-Runner Reports/GARAM-PANCHAYAT-REPORT/RUNNER/JEHANABAD/JEHANABAD_gkp.pdf,cece1b89c6b4a32b0453c6933c9a207d44ff2efad511e82c01879c45a7cd543c,79737,local_elections data/bihar @ fa4c4e79
central_handoff/PRI_WINNER_2011/Winner-Runner Reports/GARAM-PANCHAYAT-REPORT/RUNNER/JEHANABAD/JEHANABAD_gks.pdf,2068f34c6f496560eb4028555553b1e766e85607cf949447f3cc9e7df2b610aa,98079,local_elections data/bihar @ fa4c4e79
central_handoff/PRI_WINNER_2011/Winner-Runner Reports/GARAM-PANCHAYAT-REPORT/RUNNER/JEHANABAD/JEHANABAD_gpm.pdf,524453bcedc317d96969326ee244408dacf464af4ff02bdb244744590faaab74,97424,local_elections data/bihar @ fa4c4e79
central_handoff/PRI_WINNER_2011/Winner-Runner Reports/GARAM-PANCHAYAT-REPORT/RUNNER/JEHANABAD/JEHANABAD_gps.pdf,83ae1f08931d5fc72b7d4e423d0268078e4961c0ddd2d34b6e3b5c6262dabe8c,103841,local_elections data/bihar @ fa4c4e79
central_handoff/PRI_WINNER_2011/Winner-Runner Reports/GARAM-PANCHAYAT-REPORT/RUNNER/JEHANABAD/JEHANABAD_pss.pdf,3416aba4c9e2332da735b036ce43dad1471e7aa4463d700dcdba085990aa82c9,100559,local_elections data/bihar @ fa4c4e79
central_handoff/PRI_WINNER_2011/Winner-Runner Reports/GARAM-PANCHAYAT-REPORT/RUNNER/JEHANABAD/JEHANABAD_zps.pdf,36dff9a47b3f6c07232cfa357ca56198adf345fe2f5a2d32b526ce94052290b3,69594,local_elections data/bihar @ fa4c4e79
central_handoff/PRI_WINNER_2011/Winner-Runner Reports/GARAM-PANCHAYAT-REPORT/RUNNER/KHAGARIA/KHAGARIA_RMFcount_on_categry.pdf,e3cb0391972817a55f394f96e510831f8396778d7d2bd059f782cce5b47dd12a,67492,local_elections data/bihar @ fa4c4e79
central_handoff/PRI_WINNER_2011/Winner-Runner Reports/GARAM-PANCHAYAT-REPORT/RUNNER/KHAGARIA/KHAGARIA_RMFcount_on_post.pdf,b8fdbe760043b5726479718327d75782dbf3573041ed7542d739f271a527bb48,66635,local_elections data/bihar @ fa4c4e79
central_handoff/PRI_WINNER_2011/Winner-Runner Reports/GARAM-PANCHAYAT-REPORT/RUNNER/KHAGARIA/KHAGARIA_R_count.pdf,4a8219b38fa80b9d0006cad789b06f6d7927052467b88bc30d0998bddfed662a,58339,local_elections data/bihar @ fa4c4e79
central_handoff/PRI_WINNER_2011/Winner-Runner Reports/GARAM-PANCHAYAT-REPORT/RUNNER/KHAGARIA/KHAGARIA_gkp.pdf,1c226ad1bb66879369b9eccf41e4ec2ecf104734c2b8619103b0edfd2058965c,382858,local_elections data/bihar @ fa4c4e79
central_handoff/PRI_WINNER_2011/Winner-Runner Reports/GARAM-PANCHAYAT-REPORT/RUNNER/KHAGARIA/KHAGARIA_gks.pdf,389ab87032a8b9b2a174d9a6a3836ada710496c6c9a0528af44ae9f3a2eb91cb,115332,local_elections data/bihar @ fa4c4e79
central_handoff/PRI_WINNER_2011/Winner-Runner Reports/GARAM-PANCHAYAT-REPORT/RUNNER/KHAGARIA/KHAGARIA_gpm.pdf,ac6ae4da70efda3f12865f7f3dbbade1d399b202fd6bc2633dada5c793575a04,107640,local_elections data/bihar @ fa4c4e79
central_handoff/PRI_WINNER_2011/Winner-Runner Reports/GARAM-PANCHAYAT-REPORT/RUNNER/KHAGARIA/KHAGARIA_gps.pdf,aadc9b35df2901c46e2a5775dc7177f1375cd30bc51f5ddd5bebc41898e59315,491479,local_elections data/bihar @ fa4c4e79
central_handoff/PRI_WINNER_2011/Winner-Runner Reports/GARAM-PANCHAYAT-REPORT/RUNNER/KHAGARIA/KHAGARIA_pss.pdf,d625dfc7f105ba8d6754d3e8ede7b7afbc874db462caab3cb5e06118223768f1,129305,local_elections data/bihar @ fa4c4e79
central_handoff/PRI_WINNER_2011/Winner-Runner Reports/GARAM-PANCHAYAT-REPORT/RUNNER/KHAGARIA/KHAGARIA_zps.pdf,9b37fa6bd475ebb7150e616694198f9f5ae5c4d4a6ffc97defca3cfcbcdbb773,74517,local_elections data/bihar @ fa4c4e79
central_handoff/PRI_WINNER_2011/Winner-Runner Reports/GARAM-PANCHAYAT-REPORT/RUNNER/Lakhisaray/Lakhisaray_RMFcount_on_categry.pdf,319c6017f0747b523b17bc0cfe63fe18e0938f2099dd2a19f569175a93e535cd,64120,local_elections data/bihar @ fa4c4e79
central_handoff/PRI_WINNER_2011/Winner-Runner Reports/GARAM-PANCHAYAT-REPORT/RUNNER/Lakhisaray/Lakhisaray_RMFcount_on_post.pdf,0aff30bb53d82c00dcf7e41ea1c206bf24214ed08fef4f2711fbdffce40c4e6d,63527,local_elections data/bihar @ fa4c4e79
central_handoff/PRI_WINNER_2011/Winner-Runner Reports/GARAM-PANCHAYAT-REPORT/RUNNER/Lakhisaray/Lakhisaray_R_count.pdf,b8d593965dd552df465353b778f9ed6aea4127efacc016feeb7467918d535737,56650,local_elections data/bihar @ fa4c4e79
central_handoff/PRI_WINNER_2011/Winner-Runner Reports/GARAM-PANCHAYAT-REPORT/RUNNER/Lakhisaray/Lakhisaray_gkp.pdf,8998b7412e287e646735062b0182c2b7bf20402033d333038164580c0d35253c,248107,local_elections data/bihar @ fa4c4e79
central_handoff/PRI_WINNER_2011/Winner-Runner Reports/GARAM-PANCHAYAT-REPORT/RUNNER/Lakhisaray/Lakhisaray_gks.pdf,4da577f4287f21e3dcc6d2af1a39991f436fc55a59762b3f006c199677f3e706,91410,local_elections data/bihar @ fa4c4e79
central_handoff/PRI_WINNER_2011/Winner-Runner Reports/GARAM-PANCHAYAT-REPORT/RUNNER/Lakhisaray/Lakhisaray_gpm.pdf,3df020ff01b7262caca9d51cc814c828798d9f09db0725de6bbf4f8e00ff8d67,92319,local_elections data/bihar @ fa4c4e79
central_handoff/PRI_WINNER_2011/Winner-Runner Reports/GARAM-PANCHAYAT-REPORT/RUNNER/Lakhisaray/Lakhisaray_gps.pdf,87bc9780ab06a0bca4cef1123e006a834f00a49a521cc8f53f51b540b2a8e7d0,308395,local_elections data/bihar @ fa4c4e79
central_handoff/PRI_WINNER_2011/Winner-Runner Reports/GARAM-PANCHAYAT-REPORT/RUNNER/Lakhisaray/Lakhisaray_pss.pdf,8bfd79541350f461a0161de797ae098829f8804064d197a6bdc3f423dd3f7578,101861,local_elections data/bihar @ fa4c4e79
central_handoff/PRI_WINNER_2011/Winner-Runner Reports/GARAM-PANCHAYAT-REPORT/RUNNER/Lakhisaray/Lakhisaray_zps.pdf,4d86db2733f3bab7f928c2dfb2a132a6f16d78af7bc25545a1ccb4c352b342cd,68665,local_elections data/bihar @ fa4c4e79
central_handoff/PRI_WINNER_2011/Winner-Runner Reports/GARAM-PANCHAYAT-REPORT/RUNNER/PATNA/PATNA_RMFcount_on_categry.pdf,7ec08e127f3c2ec2445d032f25b5696bb3ab10396416a2553514e7eca8cfcdb2,68156,local_elections data/bihar @ fa4c4e79
central_handoff/PRI_WINNER_2011/Winner-Runner Reports/GARAM-PANCHAYAT-REPORT/RUNNER/PATNA/PATNA_RMFcount_on_post.pdf,a7da607f14c1c39dda80ad661932a469c4c7fe4e06336c0e2f168e803bedd5b7,65093,local_elections data/bihar @ fa4c4e79
central_handoff/PRI_WINNER_2011/Winner-Runner Reports/GARAM-PANCHAYAT-REPORT/RUNNER/PATNA/PATNA_R_count.pdf,e85cbf13bc0603dd387b7bf2625eec8c377fb2297b055dc67d3836997bc1d964,59113,local_elections data/bihar @ fa4c4e79
central_handoff/PRI_WINNER_2011/Winner-Runner Reports/GARAM-PANCHAYAT-REPORT/RUNNER/PATNA/PATNA_gkp.pdf,089167fc7e784d073e2fcaeac9f6876a57722cb9a2a00bad4de0c66a8d7613d1,370249,local_elections data/bihar @ fa4c4e79
central_handoff/PRI_WINNER_2011/Winner-Runner Reports/GARAM-PANCHAYAT-REPORT/RUNNER/PATNA/PATNA_gks.pdf,e4798ca8dc2ef2b6e0512a930cb21a4cef257aaad017e6667c17a43fe350f074,109444,local_elections data/bihar @ fa4c4e79
central_handoff/PRI_WINNER_2011/Winner-Runner Reports/GARAM-PANCHAYAT-REPORT/RUNNER/PATNA/PATNA_gpm.pdf,a45ee85afdabd7ba7d33fbae9d394ce07ef61bb1027e44d99ef3ae15737c8157,118500,local_elections data/bihar @ fa4c4e79
central_handoff/PRI_WINNER_2011/Winner-Runner Reports/GARAM-PANCHAYAT-REPORT/RUNNER/PATNA/PATNA_gps.pdf,ad993325b9442df68abb7d6e27b16bdd3bc87c02f4bcf2aa83c94e9988bc849c,479576,local_elections data/bihar @ fa4c4e79
central_handoff/PRI_WINNER_2011/Winner-Runner Reports/GARAM-PANCHAYAT-REPORT/RUNNER/PATNA/PATNA_pss.pdf,4a2dfac323c14d5c0473c244db7eb48585b10481cc9bf8ba12f12da4617cf7a9,125126,local_elections data/bihar @ fa4c4e79
central_handoff/PRI_WINNER_2011/Winner-Runner Reports/GARAM-PANCHAYAT-REPORT/RUNNER/PATNA/PATNA_zps.pdf,f1d29709c57a48a92a864e0b9e46978cb79ee963ca470b81a44b6ecdebfe9b4d,43219,local_elections data/bihar @ fa4c4e79
central_handoff/PRI_WINNER_2011/Winner-Runner Reports/GARAM-PANCHAYAT-REPORT/RUNNER/ROHTAS/ROHTAS_RMFcount_on_categry.pdf,e528b929baa8ca902cf7c1377e150501174cdd696be12e705763a8421fea2668,73897,local_elections data/bihar @ fa4c4e79
central_handoff/PRI_WINNER_2011/Winner-Runner Reports/GARAM-PANCHAYAT-REPORT/RUNNER/ROHTAS/ROHTAS_RMFcount_on_post.pdf,0b3e47b8079629f7ff2e29afaf780f235871fbfacaf8f4c2c96bab9bbbf5a439,75088,local_elections data/bihar @ fa4c4e79
central_handoff/PRI_WINNER_2011/Winner-Runner Reports/GARAM-PANCHAYAT-REPORT/RUNNER/ROHTAS/ROHTAS_R_count.pdf,314ed6d8b2250a8d45945ea10ba1b188ca7ae436e89be07480a1e1c0c5f72c5b,60827,local_elections data/bihar @ fa4c4e79
central_handoff/PRI_WINNER_2011/Winner-Runner Reports/GARAM-PANCHAYAT-REPORT/RUNNER/ROHTAS/ROHTAS_gkp.pdf,3796d497be8793f9ec3392536f59fee911b790295df8ff7bc454656283689710,630908,local_elections data/bihar @ fa4c4e79
central_handoff/PRI_WINNER_2011/Winner-Runner Reports/GARAM-PANCHAYAT-REPORT/RUNNER/ROHTAS/ROHTAS_gks.pdf,5a74d11faefd5182c671657f86831356a2a6d12c9ba17dab9c4a46cef1e71d72,140701,local_elections data/bihar @ fa4c4e79
central_handoff/PRI_WINNER_2011/Winner-Runner Reports/GARAM-PANCHAYAT-REPORT/RUNNER/ROHTAS/ROHTAS_gpm.pdf,c9a80816c1ca54eb177c3a1c83dbacfbf9d3de02485c3b5447c20f676eb93f3e,142475,local_elections data/bihar @ fa4c4e79
central_handoff/PRI_WINNER_2011/Winner-Runner Reports/GARAM-PANCHAYAT-REPORT/RUNNER/ROHTAS/ROHTAS_gps.pdf,d09675982262b1ea22fa88f7ab4689973453163c093344120d8797d1fd376042,863614,local_elections data/bihar @ fa4c4e79
central_handoff/PRI_WINNER_2011/Winner-Runner Reports/GARAM-PANCHAYAT-REPORT/RUNNER/ROHTAS/ROHTAS_pss.pdf,037d6dad06e4d81c9667de0da978a9cdc64f34ee63f1edd0b161decc326a4899,162412,local_elections data/bihar @ fa4c4e79
central_handoff/PRI_WINNER_2011/Winner-Runner Reports/GARAM-PANCHAYAT-REPORT/RUNNER/ROHTAS/ROHTAS_zps.pdf,3494ef3c8be10fa34b6159c9d2382bdb98f7adec8817d173031d9c4d8aa67987,57247,local_elections data/bihar @ fa4c4e79
central_handoff/PRI_WINNER_2011/Winner-Runner Reports/GARAM-PANCHAYAT-REPORT/RUNNER/SIWAN/SIWAN_RMFcount_on_categry.pdf,17dafad394db1502df4803fd3d69362e67d159e117688cc6d090d200d7ce4322,83719,local_elections data/bihar @ fa4c4e79
central_handoff/PRI_WINNER_2011/Winner-Runner Reports/GARAM-PANCHAYAT-REPORT/RUNNER/SIWAN/SIWAN_RMFcount_on_post.pdf,f0d1a040b40a22c58a7fb79c31de0c30776e930bfd5fe9d6948d726dbb4e8ffe,89324,local_elections data/bihar @ fa4c4e79
central_handoff/PRI_WINNER_2011/Winner-Runner Reports/GARAM-PANCHAYAT-REPORT/RUNNER/SIWAN/SIWAN_R_count.pdf,ec561e25a85f64dd7d4a6bc81d5ca4cf3522238161973adce44d44764c18b368,68029,local_elections data/bihar @ fa4c4e79
central_handoff/PRI_WINNER_2011/Winner-Runner Reports/GARAM-PANCHAYAT-REPORT/RUNNER/SIWAN/SIWAN_gkp.pdf,9f19afe7e572ea534c2b64e806d1512e1461027d9dada75fd77298e559a9af1d,708608,local_elections data/bihar @ fa4c4e79
central_handoff/PRI_WINNER_2011/Winner-Runner Reports/GARAM-PANCHAYAT-REPORT/RUNNER/SIWAN/SIWAN_gks.pdf,301856d780f37a1efc4a7a698a228afdd969a52b5c402d30d13fc7b811ef38ab,153904,local_elections data/bihar @ fa4c4e79
central_handoff/PRI_WINNER_2011/Winner-Runner Reports/GARAM-PANCHAYAT-REPORT/RUNNER/SIWAN/SIWAN_gpm.pdf,b603689804d123a1177da918a4b0c9bfe4a8a92df71dcdd73466f4a41fa6de39,159842,local_elections data/bihar @ fa4c4e79
central_handoff/PRI_WINNER_2011/Winner-Runner Reports/GARAM-PANCHAYAT-REPORT/RUNNER/SIWAN/SIWAN_gps.pdf,67080b9dca83c153feba43cce43379ee9edb5fc939cde9cb655cff55e96c1e9c,1077282,local_elections data/bihar @ fa4c4e79
central_handoff/PRI_WINNER_2011/Winner-Runner Reports/GARAM-PANCHAYAT-REPORT/RUNNER/SIWAN/SIWAN_pss.pdf,6c43c5db12e989b1785fceb1b45b8f41a1d3dc3d1548d11b108810b1fa1b47fd,199780,local_elections data/bihar @ fa4c4e79
central_handoff/PRI_WINNER_2011/Winner-Runner Reports/GARAM-PANCHAYAT-REPORT/RUNNER/SIWAN/SIWAN_zps.pdf,efd5c4d4e91a0da5854192332fd23746f257bff70b9a7b044b5cf718f9c642b5,79881,local_elections data/bihar @ fa4c4e79
central_handoff/Sarpanch/Araria.xls,c97e7f2bb4bcd824f807c64bc2ece190d50ee8dfe753c63044c49fb22b2dec88,627712,local_elections data/bihar @ fa4c4e79
central_handoff/Sarpanch/Arwal.xls,ff6b3f2a157ea95f01555e8a35cee4f58249bea2f3133173171d2e6b092532da,30720,local_elections data/bihar @ fa4c4e79
central_handoff/Sarpanch/Aurangabad.xls,3199c77a5c46933c86f545f816b88a22855142520e63dd3a8d4647f85839e1d9,66048,local_elections data/bihar @ fa4c4e79
central_handoff/Sarpanch/Banka.xls,a209eabe7ab9b4bdcaf8c5f97226927a7515803369693c50e9845d10d7768ef9,662016,local_elections data/bihar @ fa4c4e79
central_handoff/Sarpanch/Begusarai.xls,980ade943b30fe74ba29fff38c14460ef39d5704d279504fa4f29898cf2ae254,709632,local_elections data/bihar @ fa4c4e79
central_handoff/Sarpanch/Bhojpur.xls,d48c94943fb4b6c0159b58189a8713881f33602812cca4f8b6a82d19242ce6ef,116736,local_elections data/bihar @ fa4c4e79
central_handoff/Sarpanch/Buxar.xls,4b2b73c0184b806352d4c3e3d7a334982950f696c770523dcc4bf2eb73928482,739840,local_elections data/bihar @ fa4c4e79
central_handoff/Sarpanch/Darbhanga.xls,56325a2c598f2e08c1cd59a190d1b0e395883fd299f711e83770e1bd20af023d,902656,local_elections data/bihar @ fa4c4e79
central_handoff/Sarpanch/East Champaran.xls,ad7391d743c54d1c558e9508bf7c75c12461ec2802c94ef6173438a1c897c3b7,600576,local_elections data/bihar @ fa4c4e79
central_handoff/Sarpanch/Gaya.xls,ddab6461ca76ae86ed4730be8493cd0134c96789d5330241956c6fcbb2b95dfd,657920,local_elections data/bihar @ fa4c4e79
central_handoff/Sarpanch/Gopalganj.xls,6aba2978012e064c2c01c327a1369819a4a62878ac95eb3c76a6add0948604b0,74752,local_elections data/bihar @ fa4c4e79
central_handoff/Sarpanch/Jamui.xls,dfb2456522aca2173f786a4e885a0df8a5b217ec67cad55eb3efbb54cca55e80,859648,local_elections data/bihar @ fa4c4e79
central_handoff/Sarpanch/Jehanabad.xls,ade097f6437aa7dc3a2e0473b26c14ff56f27c784a25ddd62b6bf2f8effc4155,47616,local_elections data/bihar @ fa4c4e79
central_handoff/Sarpanch/Katihar.xls,85015331945640e2168772c7833cb470ccdfd30f2ee5bd79f0cbfc475ffcd22b,873472,local_elections data/bihar @ fa4c4e79
central_handoff/Sarpanch/Khagaria.xls,656faf88ff7929d0bd79f95eed45112b1667fa5291b8b698bcaaa21226fd20c1,46592,local_elections data/bihar @ fa4c4e79
central_handoff/Sarpanch/Kishanganj.xls,ee384f74e52b7fb217e651a3349ee3933a3a862c7e81b93f2c096ae625009335,55808,local_elections data/bihar @ fa4c4e79
central_handoff/Sarpanch/Lakhisarai.xls,fb2513b01b47a79c81ef3c91b66c000be26e39f7e95ad1e1de3ef85120f12478,2523648,local_elections data/bihar @ fa4c4e79
central_handoff/Sarpanch/Madhepura.xls,4944cd5888bc8360c90407c1e7ed5d3990c18077168fa3d53952bb8c9682fbd6,691712,local_elections data/bihar @ fa4c4e79
central_handoff/Sarpanch/Madhubani.xls,3d4ce50e55e6359bdb08d73321bb3203bfe45431e2dfc6aee65c7114b1a49418,701440,local_elections data/bihar @ fa4c4e79
central_handoff/Sarpanch/Munger.xls,47ff6cc0c0ead014910eede8efebba46e7548d454aefca6c98ef671866f7d7e1,51200,local_elections data/bihar @ fa4c4e79
central_handoff/Sarpanch/Muzaffarpur.xls,2a665ccfc8b0bc4472200e07aa219b6f6ecae9fdc635f5beece41f8f21783861,574464,local_elections data/bihar @ fa4c4e79
central_handoff/Sarpanch/Nalanda.xls,0aadb6e05c27f4f20866c12993904a965510eec750d891c068e7384b29016b24,73216,local_elections data/bihar @ fa4c4e79
central_handoff/Sarpanch/Nawada.xls,ac007104f38d4bc4b2e140cf4506b9efcda74b7180643203ccd63e5855e532a2,840704,local_elections data/bihar @ fa4c4e79
central_handoff/Sarpanch/Patna.xls,71195aeee5a0a86862dcfd8dcb9aa7a77c51264f58e9455083975465441dad45,888832,local_elections data/bihar @ fa4c4e79
central_handoff/Sarpanch/Purnia.xls,0fe9ba2688ea69027bb88f57760c47438b2e80a3614df626503f68dea1ac5468,120832,local_elections data/bihar @ fa4c4e79
central_handoff/Sarpanch/Rohtas.xls,1a88a6914648a156f6aea803cce01d0466d83fda2e735b10989bd8768c584042,61952,local_elections data/bihar @ fa4c4e79
central_handoff/Sarpanch/Saharsa.xls,3a45bc1f8a2bcc6c62cc1243f3be767305ad8acce3552829fb9e26ba72189956,60416,local_elections data/bihar @ fa4c4e79
central_handoff/Sarpanch/Samastipur.xls,3979598cf77159a87ba3dbcc5fdaad39625c267cf67b2b5bdeb9667a74e50088,550912,local_elections data/bihar @ fa4c4e79
central_handoff/Sarpanch/Saran.xls,29d68445ecce9bca2d351f849f1b7cc39a2f9020cdcefadaf9be4581c6dc2057,56320,local_elections data/bihar @ fa4c4e79
central_handoff/Sarpanch/Sheikhpura.xls,914c90c30859d0590b41e2bb261dfe05c093bc253edeae1561afc9b66df57ca1,31232,local_elections data/bihar @ fa4c4e79
central_handoff/Sarpanch/Sheohar.xls,4a86e228635cc83f158551e675850576f49196f2baf418fc0fb9cc8f4f1f2663,30720,local_elections data/bihar @ fa4c4e79
central_handoff/Sarpanch/Sitamarhi.xls,ed898a5b380ac9c23cc09f01535525d8b5b346bbeae0e797778f01624a95c927,521728,local_elections data/bihar @ fa4c4e79
central_handoff/Sarpanch/Siwan.xls,3769d47199f2d585ef717a9cc93a7abe0c63a1f753f2ba314d52d74401e04dfa,91648,local_elections data/bihar @ fa4c4e79
central_handoff/Sarpanch/Supaul.xls,87a928c592edbff0a710c1eeb5e7245d6adedd654526939a8f4a6fa4195951ed,569344,local_elections data/bihar @ fa4c4e79
central_handoff/Sarpanch/West Champaran.xls,d3a24055293f3b9a7c8913cc6ba0eff0b8e2594c0149115dc4166ffcdcce1c6f,547840,local_elections data/bihar @ fa4c4e79
