block_raw,winner_rows,reported_winners,difference,summary_pages
Amas,8,8,0,1
BELA,0,0,0,1
Banke Bajar,11,11,0,1
Barachatti,13,13,0,1
Belaganj,19,19,0,2
Bodhgaya,17,17,0,2
Dobhi,13,13,0,2
Dumariya,7,7,0,2
Emamganj,12,12,0,2
FATEHPUR,19,19,0,3
GURAARU,0,0,0,3
GURUA,0,0,0,3
GURUAA,16,16,0,3
KHEJARSARAY,0,0,0,4
KOCH,0,0,0,4
KONCH,18,18,0,4
Khizarsarai,16,16,0,4
MANPUR,12,12,0,4
MOHARAA,9,9,0,5
NAGAR,32,32,0,5
NAGAR PRKHND,0,0,0,5
NEEMCHAK BATHHNE,0,0,0,6
Nimchak Bathani,8,8,0,6
Paraiya,9,9,0,6
Sherghati,9,9,0,6
TANCUPAA,0,0,0,6
TEKAAREE,0,0,0,7
Tankuppa,10,10,0,7
Tikari,23,23,0,7
VAJEERGANJ,0,0,0,7
Vajirganj,1,1,0,7
Wazirganj,18,18,0,8
atree,8,8,0,1
guraru,12,12,0,3
mohanpur,18,18,0,5
