table,column,type,description,null_count,empty_string_count,missing
pdf_winner_records,panchayat_raw,string,Printed panchayat name; no fuzzy geography correction,0,0,Null for unavailable typed values; empty text preserves blank source cell
pdf_winner_records,candidate_name,string,"Decoded candidate name, preserving spelling and honorifics",0,0,Null for unavailable typed values; empty text preserves blank source cell
pdf_winner_records,relative_name,string,Printed father/husband name; relationship not distinguished,0,1,Null for unavailable typed values; empty text preserves blank source cell
pdf_winner_records,address_raw,string,"Decoded address as reported, possibly including phone numbers in workbook",0,0,Null for unavailable typed values; empty text preserves blank source cell
pdf_winner_records,reservation_raw,string,Reported seat reservation; distinct from candidate category,0,0,Null for unavailable typed values; empty text preserves blank source cell
pdf_winner_records,gender_raw,string,"Source gender spelling, even where it conflicts with another source",0,1,Null for unavailable typed values; empty text preserves blank source cell
pdf_winner_records,age_raw,string,Unrecoded source cell for age,0,0,Null for unavailable typed values; empty text preserves blank source cell
pdf_winner_records,category_raw,string,"Reported candidate social category, not seat reservation",0,0,Null for unavailable typed values; empty text preserves blank source cell
pdf_winner_records,phone_raw,string,Printed phone cell; malformed numbers retained as text,0,2,Null for unavailable typed values; empty text preserves blank source cell
pdf_winner_records,occupation_raw,string,"Reported occupation, including malformed overflow text",0,2,Null for unavailable typed values; empty text preserves blank source cell
pdf_winner_records,annual_income_raw,string,Unrecoded source cell for annual_income,0,0,Null for unavailable typed values; empty text preserves blank source cell
pdf_winner_records,sons_raw,string,Unrecoded source cell for sons,0,0,Null for unavailable typed values; empty text preserves blank source cell
pdf_winner_records,daughters_raw,string,Unrecoded source cell for daughters,0,0,Null for unavailable typed values; empty text preserves blank source cell
pdf_winner_records,previous_office_2001_raw,string,Source claim about elected office in 2001; blank is not coded no,0,192,Null for unavailable typed values; empty text preserves blank source cell
pdf_winner_records,previous_office_2006_raw,string,Source claim about elected office in 2006; blank is not coded no,0,164,Null for unavailable typed values; empty text preserves blank source cell
pdf_winner_records,education_raw,string,Reported qualification; no degree threshold imputed,0,1,Null for unavailable typed values; empty text preserves blank source cell
pdf_winner_records,block_raw,string,English block label as printed; capitalization retained,0,0,Null for unavailable typed values; empty text preserves blank source cell
pdf_winner_records,block,string,Hindi block label; PDF labels mapped explicitly to workbook block names,0,0,Null for unavailable typed values; empty text preserves blank source cell
pdf_winner_records,source_file,string,Path relative to data/2011/raw/central_handoff,0,0,Null for unavailable typed values; empty text preserves blank source cell
pdf_winner_records,source_page,int64,"Original PDF page, one-based",0,0,Null for unavailable typed values; empty text preserves blank source cell
pdf_winner_records,source_box,string,"JSON [left, top, right, bottom] in PDF points, top-origin",0,0,Null for unavailable typed values; empty text preserves blank source cell
pdf_winner_records,record_id,string,Source-record identifier; not a verified person or seat identifier,0,0,Null for unavailable typed values; empty text preserves blank source cell
pdf_winner_records,election_year,int64,2011; see year_basis for workbook date or PDF collection confirmation,0,0,Null for unavailable typed values; empty text preserves blank source cell
pdf_winner_records,collection_year,int64,Year of historical handoff folder; not independently verified election year,0,0,Null for unavailable typed values; empty text preserves blank source cell
pdf_winner_records,year_basis,string,Evidence for the year assignment or reason for leaving it unresolved,0,0,Null for unavailable typed values; empty text preserves blank source cell
pdf_winner_records,district,string,"Gaya, as printed in the source",0,0,Null for unavailable typed values; empty text preserves blank source cell
pdf_winner_records,office,string,"mukhiya, identified by the printed office heading",0,0,Null for unavailable typed values; empty text preserves blank source cell
pdf_winner_records,outcome,string,Outcome asserted by this source; contradictory sources remain separate,0,0,Null for unavailable typed values; empty text preserves blank source cell
pdf_winner_records,source_serial,int64,Printed PDF serial; consecutive within the report,0,0,Null for unavailable typed values; empty text preserves blank source cell
pdf_winner_records,source_sha256,string,SHA-256 of original source document,0,0,Null for unavailable typed values; empty text preserves blank source cell
pdf_winner_records,seat_label_repeated,bool,Another PDF record has the same block and literal panchayat label,0,0,Null for unavailable typed values; empty text preserves blank source cell
pdf_winner_records,name_within_block_repeated,bool,Another PDF record has the same name within the block,0,0,Null for unavailable typed values; empty text preserves blank source cell
pdf_winner_records,gender,string,female/male from reviewed Hindi source labels; no inference from names,1,0,Null for unavailable typed values; empty text preserves blank source cell
pdf_winner_records,age,int64,Reported age in years; values outside 18-120 left null,6,0,Null for unavailable typed values; empty text preserves blank source cell
pdf_winner_records,annual_income,int64,Reported annual income; currency not explicit in the printed heading,2,0,Null for unavailable typed values; empty text preserves blank source cell
pdf_winner_records,sons,int64,Reported number of sons; zero retained,0,0,Null for unavailable typed values; empty text preserves blank source cell
pdf_winner_records,daughters,int64,Reported number of daughters; zero retained,6,0,Null for unavailable typed values; empty text preserves blank source cell
pdf_winner_records,reservation_women,bool,True when reservation cell explicitly contains महिला; otherwise unknown,247,0,Null for unavailable typed values; empty text preserves blank source cell
pdf_winner_records,spreadsheet_match,string,"Exact normalized name within block: unique, unmatched or ambiguous; not a seat join",0,0,Null for unavailable typed values; empty text preserves blank source cell
pdf_winner_records,spreadsheet_row,int64,Workbook row for a unique name/block comparison; null otherwise,282,0,Null for unavailable typed values; empty text preserves blank source cell
pdf_winner_records,alternate_matches,bool,"Same source serial, block and candidate name in alternate winner PDF",0,0,Null for unavailable typed values; empty text preserves blank source cell
spreadsheet_winner_records,serial,string,"Serial printed in the workbook, retained as a string",0,0,Null for unavailable typed values; empty text preserves blank source cell
spreadsheet_winner_records,panchayat_raw,string,Printed panchayat name; no fuzzy geography correction,0,0,Null for unavailable typed values; empty text preserves blank source cell
spreadsheet_winner_records,candidate_name,string,"Decoded candidate name, preserving spelling and honorifics",0,1,Null for unavailable typed values; empty text preserves blank source cell
spreadsheet_winner_records,age_raw,string,Unrecoded source cell for age,0,1,Null for unavailable typed values; empty text preserves blank source cell
spreadsheet_winner_records,address_raw,string,"Decoded address as reported, possibly including phone numbers in workbook",0,1,Null for unavailable typed values; empty text preserves blank source cell
spreadsheet_winner_records,education_raw,string,Reported qualification; no degree threshold imputed,0,2,Null for unavailable typed values; empty text preserves blank source cell
spreadsheet_winner_records,economic_class_raw,string,"Workbook economic-class label, separate from caste/category",0,3,Null for unavailable typed values; empty text preserves blank source cell
spreadsheet_winner_records,category_raw,string,"Reported candidate social category, not seat reservation",0,25,Null for unavailable typed values; empty text preserves blank source cell
spreadsheet_winner_records,annual_income_raw,string,Unrecoded source cell for annual_income,0,19,Null for unavailable typed values; empty text preserves blank source cell
spreadsheet_winner_records,occupation_raw,string,"Reported occupation, including malformed overflow text",0,2,Null for unavailable typed values; empty text preserves blank source cell
spreadsheet_winner_records,sons_raw,string,Unrecoded source cell for sons,0,3,Null for unavailable typed values; empty text preserves blank source cell
spreadsheet_winner_records,daughters_raw,string,Unrecoded source cell for daughters,0,3,Null for unavailable typed values; empty text preserves blank source cell
spreadsheet_winner_records,block,string,Hindi block label; PDF labels mapped explicitly to workbook block names,0,0,Null for unavailable typed values; empty text preserves blank source cell
spreadsheet_winner_records,source_row,int64,"Original Sheet1 row, one-based",0,0,Null for unavailable typed values; empty text preserves blank source cell
spreadsheet_winner_records,source_file,string,Path relative to data/2011/raw/central_handoff,0,0,Null for unavailable typed values; empty text preserves blank source cell
spreadsheet_winner_records,election_year,int64,2011; see year_basis for workbook date or PDF collection confirmation,0,0,Null for unavailable typed values; empty text preserves blank source cell
spreadsheet_winner_records,source_sha256,string,SHA-256 of original source document,0,0,Null for unavailable typed values; empty text preserves blank source cell
spreadsheet_winner_records,year_basis,string,Evidence for the year assignment or reason for leaving it unresolved,0,0,Null for unavailable typed values; empty text preserves blank source cell
spreadsheet_winner_records,district,string,"Gaya, as printed in the source",0,0,Null for unavailable typed values; empty text preserves blank source cell
spreadsheet_winner_records,office,string,"mukhiya, identified by the printed office heading",0,0,Null for unavailable typed values; empty text preserves blank source cell
spreadsheet_winner_records,outcome,string,Outcome asserted by this source; contradictory sources remain separate,0,0,Null for unavailable typed values; empty text preserves blank source cell
spreadsheet_winner_records,record_id,string,Source-record identifier; not a verified person or seat identifier,0,0,Null for unavailable typed values; empty text preserves blank source cell
spreadsheet_winner_records,age,int64,Reported age in years; values outside 18-120 left null,13,0,Null for unavailable typed values; empty text preserves blank source cell
spreadsheet_winner_records,annual_income,int64,Reported annual income; currency not explicit in the printed heading,26,0,Null for unavailable typed values; empty text preserves blank source cell
spreadsheet_winner_records,sons,int64,Reported number of sons; zero retained,3,0,Null for unavailable typed values; empty text preserves blank source cell
spreadsheet_winner_records,daughters,int64,Reported number of daughters; zero retained,3,0,Null for unavailable typed values; empty text preserves blank source cell
runner_name_records,source_serial,int64,Printed PDF serial; consecutive within the report,0,0,Null for unavailable typed values; empty text preserves blank source cell
runner_name_records,block_raw,string,English block label as printed; capitalization retained,0,0,Null for unavailable typed values; empty text preserves blank source cell
runner_name_records,block,string,Hindi block label; PDF labels mapped explicitly to workbook block names,0,0,Null for unavailable typed values; empty text preserves blank source cell
runner_name_records,candidate_name,string,"Decoded candidate name, preserving spelling and honorifics",0,1,Null for unavailable typed values; empty text preserves blank source cell
runner_name_records,source_page,int64,"Original PDF page, one-based",0,0,Null for unavailable typed values; empty text preserves blank source cell
runner_name_records,source_file,string,Path relative to data/2011/raw/central_handoff,0,0,Null for unavailable typed values; empty text preserves blank source cell
runner_name_records,record_id,string,Source-record identifier; not a verified person or seat identifier,0,0,Null for unavailable typed values; empty text preserves blank source cell
runner_name_records,collection_year,int64,Year of historical handoff folder; not independently verified election year,0,0,Null for unavailable typed values; empty text preserves blank source cell
runner_name_records,election_year,int64,2011; see year_basis for workbook date or PDF collection confirmation,0,0,Null for unavailable typed values; empty text preserves blank source cell
runner_name_records,year_basis,string,Evidence for the year assignment or reason for leaving it unresolved,0,0,Null for unavailable typed values; empty text preserves blank source cell
runner_name_records,district,string,"Gaya, as printed in the source",0,0,Null for unavailable typed values; empty text preserves blank source cell
runner_name_records,office,string,"mukhiya, identified by the printed office heading",0,0,Null for unavailable typed values; empty text preserves blank source cell
runner_name_records,outcome,string,Outcome asserted by this source; contradictory sources remain separate,0,0,Null for unavailable typed values; empty text preserves blank source cell
runner_name_records,source_sha256,string,SHA-256 of original source document,0,0,Null for unavailable typed values; empty text preserves blank source cell
