record_id,kind,field,primary,comparison,source
gaya_mukhiya_001,alternate_difference,gender_raw,महीला,महिला,alternate_winners/GAYA/GAYA_GPM.pdf
gaya_mukhiya_002,alternate_difference,address_raw,प्रखड -आमसग्राम -सुपाईथाना,प्रखड -आमसग्राम -सुपाईथाना -आमसपोस्ट,alternate_winners/GAYA/GAYA_GPM.pdf
gaya_mukhiya_002,alternate_difference,gender_raw,महीला,महिला,alternate_winners/GAYA/GAYA_GPM.pdf
gaya_mukhiya_004,alternate_difference,address_raw,प्रखड -आमसग्राम -पहाड़ पुरथाना,प्रखड -आमसग्राम -पहाड़ पुरथाना -आमसपोस्ट,alternate_winners/GAYA/GAYA_GPM.pdf
gaya_mukhiya_005,alternate_difference,address_raw,प्रखड -आमसग्राम -आमस पथराथाना,प्रखड -आमसग्राम -आमस पथराथाना -आमसपोस्ट,alternate_winners/GAYA/GAYA_GPM.pdf
gaya_mukhiya_005,alternate_difference,gender_raw,महीला,महिला,alternate_winners/GAYA/GAYA_GPM.pdf
gaya_mukhiya_007,alternate_difference,address_raw,प्रखड -आमसग्राम -महुआवॉथाना,प्रखड -आमसग्राम -महुआवॉथाना -आमसपोस्ट,alternate_winners/GAYA/GAYA_GPM.pdf
gaya_mukhiya_008,alternate_difference,address_raw,प्रखड -आमसग्राम -बदकाथाना,प्रखड -आमसग्राम -बदकाथाना -आमसपोस्ट,alternate_winners/GAYA/GAYA_GPM.pdf
gaya_mukhiya_009,alternate_difference,address_raw,प्रखड -अतरीग्राम -टेउसाथाना,प्रखड -अतरीग्राम -टेउसाथाना -अतरीपोस्ट,alternate_winners/GAYA/GAYA_GPM.pdf
gaya_mukhiya_010,alternate_difference,address_raw,प्रखड -अतरीग्राम -डिहुरीथाना,प्रखड -अतरीग्राम -डिहुरीथाना -अतरीपोस्ट,alternate_winners/GAYA/GAYA_GPM.pdf
gaya_mukhiya_010,alternate_difference,gender_raw,महीला,महिला,alternate_winners/GAYA/GAYA_GPM.pdf
gaya_mukhiya_011,alternate_difference,address_raw,प्रखड -अतरीग्राम -लहोरमाथाना,प्रखड -अतरीग्राम -लहोरमाथाना -अतरीपोस्ट,alternate_winners/GAYA/GAYA_GPM.pdf
gaya_mukhiya_011,spreadsheet_difference,panchayat_raw,सहोडा,सहोड़ा,mukhiya_spreadsheets/Gaya.xls
gaya_mukhiya_011,spreadsheet_difference,age_raw,44,32,mukhiya_spreadsheets/Gaya.xls
gaya_mukhiya_011,spreadsheet_difference,annual_income_raw,150000,,mukhiya_spreadsheets/Gaya.xls
gaya_mukhiya_011,spreadsheet_difference,education_raw,इटर,मैट्रिक,mukhiya_spreadsheets/Gaya.xls
gaya_mukhiya_012,alternate_difference,address_raw,प्रखड -अतरीग्राम -टेटुआ रमना,प्रखड -अतरीग्राम -टेटुआ रमना रोडथाना,alternate_winners/GAYA/GAYA_GPM.pdf
gaya_mukhiya_012,alternate_difference,gender_raw,महीला,महिला,alternate_winners/GAYA/GAYA_GPM.pdf
gaya_mukhiya_014,alternate_difference,address_raw,प्रखड -अतरीग्राम -जीरी टोला,प्रखड -अतरीग्राम -जीरी टोला मलाहीथाना,alternate_winners/GAYA/GAYA_GPM.pdf
gaya_mukhiya_015,alternate_difference,address_raw,प्रखड -अतरीग्राम -बाराथाना,प्रखड -अतरीग्राम -बाराथाना -अतरीपोस्ट,alternate_winners/GAYA/GAYA_GPM.pdf
gaya_mukhiya_016,alternate_difference,address_raw,प्रखड -अतरीग्राम -खिटोथाना,प्रखड -अतरीग्राम -खिटोथाना -अतरीपोस्ट,alternate_winners/GAYA/GAYA_GPM.pdf
gaya_mukhiya_017,alternate_difference,address_raw,प्रखड -बाकेबाजारग्राम,प्रखड -बाकेबाजारग्राम -विधासीनथाना,alternate_winners/GAYA/GAYA_GPM.pdf
gaya_mukhiya_017,alternate_difference,gender_raw,महीला,महिला,alternate_winners/GAYA/GAYA_GPM.pdf
gaya_mukhiya_018,alternate_difference,address_raw,प्रखड -बाकेबाजारग्राम,प्रखड -बाकेबाजारग्राम -डुमरावॉथाना,alternate_winners/GAYA/GAYA_GPM.pdf
gaya_mukhiya_018,alternate_difference,gender_raw,महीला,महिला,alternate_winners/GAYA/GAYA_GPM.pdf
gaya_mukhiya_019,alternate_difference,address_raw,प्रखड -बाकेबाजारग्राम,प्रखड -बाकेबाजारग्राम -ढोली टाडथाना,alternate_winners/GAYA/GAYA_GPM.pdf
gaya_mukhiya_019,alternate_difference,gender_raw,महीला,महिला,alternate_winners/GAYA/GAYA_GPM.pdf
gaya_mukhiya_020,alternate_difference,address_raw,प्रखड -बाकेबाजारग्राम,प्रखड -बाकेबाजारग्राम -चौगाईथाना,alternate_winners/GAYA/GAYA_GPM.pdf
gaya_mukhiya_020,alternate_difference,gender_raw,महीला,महिला,alternate_winners/GAYA/GAYA_GPM.pdf
gaya_mukhiya_020,spreadsheet_difference,panchayat_raw,विहरगाई,बिहरगांई,mukhiya_spreadsheets/Gaya.xls
gaya_mukhiya_020,spreadsheet_difference,age_raw,35,48,mukhiya_spreadsheets/Gaya.xls
gaya_mukhiya_020,spreadsheet_difference,annual_income_raw,60000,17000,mukhiya_spreadsheets/Gaya.xls
gaya_mukhiya_021,alternate_difference,address_raw,प्रखड -बाकेबाजारग्राम,प्रखड -बाकेबाजारग्राम -रौशनगंजथाना,alternate_winners/GAYA/GAYA_GPM.pdf
gaya_mukhiya_022,alternate_difference,address_raw,प्रखड -बाकेबाजारग्राम,प्रखड -बाकेबाजारग्राम -गोईठाथाना,alternate_winners/GAYA/GAYA_GPM.pdf
gaya_mukhiya_023,alternate_difference,address_raw,प्रखड -बाकेबाजारग्राम,प्रखड -बाकेबाजारग्राम -जोन्धीथाना,alternate_winners/GAYA/GAYA_GPM.pdf
gaya_mukhiya_023,alternate_difference,gender_raw,महीला,महिला,alternate_winners/GAYA/GAYA_GPM.pdf
gaya_mukhiya_024,alternate_difference,address_raw,प्रखड -बाकेबाजारग्राम,प्रखड -बाकेबाजारग्राम -मोनेयाथाना,alternate_winners/GAYA/GAYA_GPM.pdf
gaya_mukhiya_024,spreadsheet_difference,panchayat_raw,पननियां,पननीया,mukhiya_spreadsheets/Gaya.xls
gaya_mukhiya_024,spreadsheet_difference,age_raw,45,46,mukhiya_spreadsheets/Gaya.xls
gaya_mukhiya_024,spreadsheet_difference,annual_income_raw,48000,15000,mukhiya_spreadsheets/Gaya.xls
gaya_mukhiya_024,spreadsheet_difference,education_raw,मैट्रीक,इंटर,mukhiya_spreadsheets/Gaya.xls
gaya_mukhiya_025,alternate_difference,address_raw,प्रखड -बाकेबाजारग्राम,प्रखड -बाकेबाजारग्राम -मजुरी खुदथाना,alternate_winners/GAYA/GAYA_GPM.pdf
gaya_mukhiya_026,alternate_difference,address_raw,प्रखड -बाकेबाजारग्राम,प्रखड -बाकेबाजारग्राम -आजमगढथाना,alternate_winners/GAYA/GAYA_GPM.pdf
gaya_mukhiya_027,alternate_difference,address_raw,प्रखड -बाकेबाजारग्राम,प्रखड -बाकेबाजारग्राम -सिमरइटथाना,alternate_winners/GAYA/GAYA_GPM.pdf
gaya_mukhiya_028,alternate_difference,gender_raw,महीला,महिला,alternate_winners/GAYA/GAYA_GPM.pdf
gaya_mukhiya_030,alternate_difference,gender_raw,महीला,महिला,alternate_winners/GAYA/GAYA_GPM.pdf
gaya_mukhiya_031,alternate_difference,gender_raw,महीला,महिला,alternate_winners/GAYA/GAYA_GPM.pdf
gaya_mukhiya_033,alternate_difference,gender_raw,महीला,महिला,alternate_winners/GAYA/GAYA_GPM.pdf
gaya_mukhiya_035,alternate_difference,address_raw,प्रखड -रोहीग्राम -उपलब्ध नहीं हैथाना,प्रखड -रोहीग्राम -उपलब्ध नहीं हैथाना -बाराचट्टीपोस्ट,alternate_winners/GAYA/GAYA_GPM.pdf
gaya_mukhiya_035,alternate_difference,gender_raw,महीला,महिला,alternate_winners/GAYA/GAYA_GPM.pdf
gaya_mukhiya_035,spreadsheet_difference,age_raw,48,46,mukhiya_spreadsheets/Gaya.xls
gaya_mukhiya_035,spreadsheet_difference,annual_income_raw,65000,-,mukhiya_spreadsheets/Gaya.xls
gaya_mukhiya_036,alternate_difference,address_raw,प्रखड -बाराग्राम -बाराथाना,प्रखड -बाराग्राम -बाराथाना -बाराचट्टीपोस्ट,alternate_winners/GAYA/GAYA_GPM.pdf
gaya_mukhiya_037,spreadsheet_difference,age_raw,46,34,mukhiya_spreadsheets/Gaya.xls
gaya_mukhiya_037,spreadsheet_difference,annual_income_raw,60000,,mukhiya_spreadsheets/Gaya.xls
gaya_mukhiya_037,spreadsheet_difference,education_raw,साक्षर,दशम,mukhiya_spreadsheets/Gaya.xls
gaya_mukhiya_038,alternate_difference,gender_raw,महीला,महिला,alternate_winners/GAYA/GAYA_GPM.pdf
gaya_mukhiya_040,alternate_difference,address_raw,प्रखड -भलुआ चट्टीग्राम -भलुआ,प्रखड -भलुआ चट्टीग्राम -भलुआ चट्टीथाना,alternate_winners/GAYA/GAYA_GPM.pdf
gaya_mukhiya_041,alternate_difference,address_raw,प्रखड -बेलागंजग्राम -अमरसिंघ,प्रखड -बेलागंजग्राम -अमरसिंघ बिगहाथाना,alternate_winners/GAYA/GAYA_GPM.pdf
gaya_mukhiya_041,alternate_difference,gender_raw,महीला,महिला,alternate_winners/GAYA/GAYA_GPM.pdf
gaya_mukhiya_043,alternate_difference,gender_raw,महीला,महिला,alternate_winners/GAYA/GAYA_GPM.pdf
gaya_mukhiya_044,alternate_difference,address_raw,प्रखड -बेलागंजग्राम -शंकर बिगहाथाना,प्रखड -बेलागंजग्राम -शंकर बिगहाथाना -बेलागंजपोस्ट,alternate_winners/GAYA/GAYA_GPM.pdf
gaya_mukhiya_044,alternate_difference,gender_raw,महीला,महिला,alternate_winners/GAYA/GAYA_GPM.pdf
gaya_mukhiya_044,alternate_difference,previous_office_2001_raw,2010-,2010-उ,alternate_winners/GAYA/GAYA_GPM.pdf
gaya_mukhiya_044,alternate_difference,previous_office_2006_raw,उप चुनाव मुखयिा,"प चुनाव मुखयिा,",alternate_winners/GAYA/GAYA_GPM.pdf
gaya_mukhiya_046,alternate_difference,gender_raw,महीला,महिला,alternate_winners/GAYA/GAYA_GPM.pdf
gaya_mukhiya_047,alternate_difference,address_raw,प्रखड -बेलागंजग्राम -अक्युथाना,प्रखड -बेलागंजग्राम -अक्युथाना -बेलागंजपोस्ट,alternate_winners/GAYA/GAYA_GPM.pdf
gaya_mukhiya_048,alternate_difference,address_raw,प्रखड -बेलागंजग्राम -नेउरीथाना,प्रखड -बेलागंजग्राम -नेउरीथाना -बेलागंजपोस्ट,alternate_winners/GAYA/GAYA_GPM.pdf
gaya_mukhiya_050,alternate_difference,gender_raw,महीला,महिला,alternate_winners/GAYA/GAYA_GPM.pdf
gaya_mukhiya_051,alternate_difference,address_raw,प्रखड -बेलागंजग्राम -खनेटाथाना,प्रखड -बेलागंजग्राम -खनेटाथाना -बेलागंजपोस्ट,alternate_winners/GAYA/GAYA_GPM.pdf
gaya_mukhiya_053,alternate_difference,gender_raw,महीला,महिला,alternate_winners/GAYA/GAYA_GPM.pdf
gaya_mukhiya_054,non_numeric,daughters,1मु,,winners/GAYA/GAYA_GPM.pdf
gaya_mukhiya_055,alternate_difference,address_raw,प्रखड -बेलागंजग्राम -सिमरा टो0,प्रखड -बेलागंजग्राम -सिमरा टो0 जोगीयाथाना,alternate_winners/GAYA/GAYA_GPM.pdf
gaya_mukhiya_055,alternate_difference,gender_raw,महीला,महिला,alternate_winners/GAYA/GAYA_GPM.pdf
gaya_mukhiya_056,alternate_difference,gender_raw,महीला,महिला,alternate_winners/GAYA/GAYA_GPM.pdf
gaya_mukhiya_058,alternate_difference,address_raw,प्रखड -बेलागंजग्राम -एरकीथाना,प्रखड -बेलागंजग्राम -एरकीथाना -बेलागंजपोस्ट,alternate_winners/GAYA/GAYA_GPM.pdf
gaya_mukhiya_058,alternate_difference,gender_raw,महीला,महिला,alternate_winners/GAYA/GAYA_GPM.pdf
gaya_mukhiya_059,alternate_difference,gender_raw,महीला,महिला,alternate_winners/GAYA/GAYA_GPM.pdf
gaya_mukhiya_060,alternate_difference,address_raw,प्रखड -बोधगयाग्राम -जमडी टो0,प्रखड -बोधगयाग्राम -जमडी टो0 ज़ैतियाथाना,alternate_winners/GAYA/GAYA_GPM.pdf
gaya_mukhiya_060,alternate_difference,gender_raw,महीला,महिला,alternate_winners/GAYA/GAYA_GPM.pdf
gaya_mukhiya_061,alternate_difference,address_raw,प्रखड -बोधगयाग्राम -कुरमावांथाना,प्रखड -बोधगयाग्राम -कुरमावांथाना -चेरकीपोस्ट,alternate_winners/GAYA/GAYA_GPM.pdf
gaya_mukhiya_062,alternate_difference,gender_raw,महीला,महिला,alternate_winners/GAYA/GAYA_GPM.pdf
gaya_mukhiya_064,alternate_difference,address_raw,प्रखड -बोधगयाग्राम -औराथाना -बोधगया,प्रखड -बोधगयाग्राम -औराथाना -बोधगया म0,alternate_winners/GAYA/GAYA_GPM.pdf
gaya_mukhiya_065,alternate_difference,address_raw,प्रखड -बोधगयाग्राम -भौरवारथाना,प्रखड -बोधगयाग्राम -भौरवारथाना -बोधगया,alternate_winners/GAYA/GAYA_GPM.pdf
gaya_mukhiya_065,alternate_difference,gender_raw,महीला,महिला,alternate_winners/GAYA/GAYA_GPM.pdf
gaya_mukhiya_065,spreadsheet_difference,age_raw,36,31,mukhiya_spreadsheets/Gaya.xls
gaya_mukhiya_065,spreadsheet_difference,annual_income_raw,60000,18000,mukhiya_spreadsheets/Gaya.xls
gaya_mukhiya_065,spreadsheet_difference,education_raw,साक्षर,सप्तम,mukhiya_spreadsheets/Gaya.xls
gaya_mukhiya_066,alternate_difference,address_raw,प्रखड -बोधगयाग्राम -अतिया टो0,प्रखड -बोधगयाग्राम -अतिया टो0 मोकरीथाना,alternate_winners/GAYA/GAYA_GPM.pdf
gaya_mukhiya_066,alternate_difference,gender_raw,महीला,महिला,alternate_winners/GAYA/GAYA_GPM.pdf
gaya_mukhiya_067,alternate_difference,gender_raw,महीला,महिला,alternate_winners/GAYA/GAYA_GPM.pdf
gaya_mukhiya_068,alternate_difference,address_raw,प्रखड -बोधगयाग्राम -खरांटीथाना,प्रखड -बोधगयाग्राम -खरांटीथाना -बोधगया म0,alternate_winners/GAYA/GAYA_GPM.pdf
gaya_mukhiya_068,spreadsheet_difference,panchayat_raw,शेखवारा,शेखबारा,mukhiya_spreadsheets/Gaya.xls
gaya_mukhiya_068,spreadsheet_difference,age_raw,51,26,mukhiya_spreadsheets/Gaya.xls
gaya_mukhiya_068,spreadsheet_difference,annual_income_raw,75000,24000,mukhiya_spreadsheets/Gaya.xls
gaya_mukhiya_068,spreadsheet_difference,sons_raw,4,3,mukhiya_spreadsheets/Gaya.xls
gaya_mukhiya_068,spreadsheet_difference,education_raw,साक्षर,मैट्रिक,mukhiya_spreadsheets/Gaya.xls
gaya_mukhiya_069,alternate_difference,address_raw,प्रखड -बोधगयाग्राम -पड्ररियथाना,प्रखड -बोधगयाग्राम -पड्ररियथाना -बोधगया,alternate_winners/GAYA/GAYA_GPM.pdf
gaya_mukhiya_069,alternate_difference,gender_raw,महीला,महिला,alternate_winners/GAYA/GAYA_GPM.pdf
gaya_mukhiya_070,non_numeric,daughters,1पं,,winners/GAYA/GAYA_GPM.pdf
gaya_mukhiya_070,alternate_difference,address_raw,प्रखड -बोधगयाग्राम -ईलराथाना,प्रखड -बोधगयाग्राम -ईलराथाना -चेरकीपोस्ट,alternate_winners/GAYA/GAYA_GPM.pdf
gaya_mukhiya_070,spreadsheet_difference,panchayat_raw,ईलरा,इलरा,mukhiya_spreadsheets/Gaya.xls
gaya_mukhiya_070,spreadsheet_difference,age_raw,48,43,mukhiya_spreadsheets/Gaya.xls
gaya_mukhiya_070,spreadsheet_difference,annual_income_raw,40000,12000,mukhiya_spreadsheets/Gaya.xls
gaya_mukhiya_070,spreadsheet_difference,daughters_raw,1पं,1,mukhiya_spreadsheets/Gaya.xls
gaya_mukhiya_070,spreadsheet_difference,education_raw,आ0ए0,इंटर,mukhiya_spreadsheets/Gaya.xls
gaya_mukhiya_071,alternate_difference,address_raw,प्रखड -बोधगयाग्राम -टेकुनाथाना,प्रखड -बोधगयाग्राम -टेकुनाथाना -बोधगयापोस्ट,alternate_winners/GAYA/GAYA_GPM.pdf
gaya_mukhiya_071,alternate_difference,gender_raw,महीला,महिला,alternate_winners/GAYA/GAYA_GPM.pdf
gaya_mukhiya_072,alternate_difference,address_raw,प्रखड -बोधगयाग्राम -सेवा बिगहाथाना,प्रखड -बोधगयाग्राम -सेवा बिगहाथाना -बोधगयापोस्ट,alternate_winners/GAYA/GAYA_GPM.pdf
gaya_mukhiya_072,spreadsheet_difference,panchayat_raw,बसाडी,बसाढ़ी,mukhiya_spreadsheets/Gaya.xls
gaya_mukhiya_072,spreadsheet_difference,age_raw,49,44,mukhiya_spreadsheets/Gaya.xls
gaya_mukhiya_072,spreadsheet_difference,annual_income_raw,0,22000,mukhiya_spreadsheets/Gaya.xls
gaya_mukhiya_072,spreadsheet_difference,education_raw,मैट्रिक,नन मैट्रिक,mukhiya_spreadsheets/Gaya.xls
gaya_mukhiya_073,alternate_difference,address_raw,प्रखड -बोधगयाग्राम -डुमरीथाना,प्रखड -बोधगयाग्राम -डुमरीथाना -बोधगयापोस्ट,alternate_winners/GAYA/GAYA_GPM.pdf
gaya_mukhiya_073,alternate_difference,gender_raw,महीला,महिला,alternate_winners/GAYA/GAYA_GPM.pdf
gaya_mukhiya_074,alternate_difference,address_raw,प्रखड -बोधगयाग्राम -छांछथाना,प्रखड -बोधगयाग्राम -छांछथाना -बोधगयापोस्ट,alternate_winners/GAYA/GAYA_GPM.pdf
gaya_mukhiya_075,spreadsheet_difference,age_raw,32,28,mukhiya_spreadsheets/Gaya.xls
gaya_mukhiya_075,spreadsheet_difference,annual_income_raw,120000,76000,mukhiya_spreadsheets/Gaya.xls
gaya_mukhiya_075,spreadsheet_difference,daughters_raw,3,2,mukhiya_spreadsheets/Gaya.xls
gaya_mukhiya_075,spreadsheet_difference,education_raw,बी0ए0,स्नातक,mukhiya_spreadsheets/Gaya.xls
gaya_mukhiya_079,alternate_difference,address_raw,प्रखड -डोभीग्राम -पचरतनथाना,प्रखड -डोभीग्राम -पचरतनथाना -डोभीपोस्ट,alternate_winners/GAYA/GAYA_GPM.pdf
gaya_mukhiya_079,alternate_difference,gender_raw,महीला,महिला,alternate_winners/GAYA/GAYA_GPM.pdf
gaya_mukhiya_079,spreadsheet_difference,age_raw,45,35,mukhiya_spreadsheets/Gaya.xls
gaya_mukhiya_079,spreadsheet_difference,annual_income_raw,75000,60000,mukhiya_spreadsheets/Gaya.xls
gaya_mukhiya_079,spreadsheet_difference,education_raw,साक्षर,चतुर्थ,mukhiya_spreadsheets/Gaya.xls
gaya_mukhiya_080,alternate_difference,address_raw,प्रखड -डोभीग्राम -बजौराथाना,प्रखड -डोभीग्राम -बजौराथाना -डोभीपोस्ट,alternate_winners/GAYA/GAYA_GPM.pdf
gaya_mukhiya_081,alternate_difference,address_raw,प्रखड -डोभीग्राम -डोभीथाना,प्रखड -डोभीग्राम -डोभीथाना -डोभीपोस्ट,alternate_winners/GAYA/GAYA_GPM.pdf
gaya_mukhiya_081,alternate_difference,gender_raw,महीला,महिला,alternate_winners/GAYA/GAYA_GPM.pdf
gaya_mukhiya_081,spreadsheet_difference,age_raw,44,45,mukhiya_spreadsheets/Gaya.xls
gaya_mukhiya_081,spreadsheet_difference,annual_income_raw,40000,30000,mukhiya_spreadsheets/Gaya.xls
gaya_mukhiya_082,alternate_difference,address_raw,प्रखड -डोभीग्राम -नावाडिहथाना,प्रखड -डोभीग्राम -नावाडिहथाना -डोभीपोस्ट,alternate_winners/GAYA/GAYA_GPM.pdf
gaya_mukhiya_083,alternate_difference,address_raw,प्रखड -डोभीग्राम -अंगरा टो0थाना,प्रखड -डोभीग्राम -अंगरा टो0थाना -डोभीपोस्ट,alternate_winners/GAYA/GAYA_GPM.pdf
gaya_mukhiya_084,alternate_difference,address_raw,प्रखड -डोभीग्राम -धरमपुर तेतरिया,प्रखड -डोभीग्राम -धरमपुर तेतरिया कलाथाना,alternate_winners/GAYA/GAYA_GPM.pdf
gaya_mukhiya_084,alternate_difference,gender_raw,महीला,महिला,alternate_winners/GAYA/GAYA_GPM.pdf
gaya_mukhiya_085,spreadsheet_difference,panchayat_raw,खरांटी,खराँटी,mukhiya_spreadsheets/Gaya.xls
gaya_mukhiya_085,spreadsheet_difference,age_raw,45,40,mukhiya_spreadsheets/Gaya.xls
gaya_mukhiya_085,spreadsheet_difference,annual_income_raw,200000,100000,mukhiya_spreadsheets/Gaya.xls
gaya_mukhiya_085,spreadsheet_difference,education_raw,एम0 ए0,एम0ए0,mukhiya_spreadsheets/Gaya.xls
gaya_mukhiya_086,alternate_difference,address_raw,प्रखड -डोभीग्राम -सुर्य मंडलथाना,प्रखड -डोभीग्राम -सुर्य मंडलथाना -बाराचट्टिपोस्ट,alternate_winners/GAYA/GAYA_GPM.pdf
gaya_mukhiya_086,spreadsheet_difference,age_raw,42,50,mukhiya_spreadsheets/Gaya.xls
gaya_mukhiya_086,spreadsheet_difference,annual_income_raw,70000,150000,mukhiya_spreadsheets/Gaya.xls
gaya_mukhiya_086,spreadsheet_difference,education_raw,इण्टर,मैट्रिक,mukhiya_spreadsheets/Gaya.xls
gaya_mukhiya_088,alternate_difference,gender_raw,महीला,महिला,alternate_winners/GAYA/GAYA_GPM.pdf
gaya_mukhiya_089,alternate_difference,gender_raw,महीला,महिला,alternate_winners/GAYA/GAYA_GPM.pdf
gaya_mukhiya_089,spreadsheet_difference,panchayat_raw,कुरमावॉ,कुरमावाँ,mukhiya_spreadsheets/Gaya.xls
gaya_mukhiya_089,spreadsheet_difference,age_raw,37,28,mukhiya_spreadsheets/Gaya.xls
gaya_mukhiya_089,spreadsheet_difference,annual_income_raw,150000,60000,mukhiya_spreadsheets/Gaya.xls
gaya_mukhiya_089,spreadsheet_difference,daughters_raw,1,0,mukhiya_spreadsheets/Gaya.xls
gaya_mukhiya_089,spreadsheet_difference,education_raw,साक्षर,मिडिल,mukhiya_spreadsheets/Gaya.xls
gaya_mukhiya_092,alternate_difference,address_raw,प्रखड -डुमरियाग्राम -नन्दईथाना,प्रखड -डुमरियाग्राम -नन्दईथाना -डुमरियापोस्ट,alternate_winners/GAYA/GAYA_GPM.pdf
gaya_mukhiya_093,alternate_difference,gender_raw,महीला,महिला,alternate_winners/GAYA/GAYA_GPM.pdf
gaya_mukhiya_093,spreadsheet_difference,age_raw,39,31,mukhiya_spreadsheets/Gaya.xls
gaya_mukhiya_093,spreadsheet_difference,annual_income_raw,30000,35000,mukhiya_spreadsheets/Gaya.xls
gaya_mukhiya_093,spreadsheet_difference,education_raw,साक्षर,पंचम,mukhiya_spreadsheets/Gaya.xls
gaya_mukhiya_094,alternate_difference,address_raw,प्रखड -डुमरियाग्राम -मैंग्रथाना,प्रखड -डुमरियाग्राम -मैंग्रथाना -डुमरियापोस्ट,alternate_winners/GAYA/GAYA_GPM.pdf
gaya_mukhiya_094,alternate_difference,gender_raw,महीला,महिला,alternate_winners/GAYA/GAYA_GPM.pdf
gaya_mukhiya_095,non_numeric,daughters,0पं,,winners/GAYA/GAYA_GPM.pdf
gaya_mukhiya_095,alternate_difference,address_raw,प्रखड -डुमरियाग्राम -मतहाथाना,प्रखड -डुमरियाग्राम -मतहाथाना -डुमरियापोस्ट,alternate_winners/GAYA/GAYA_GPM.pdf
gaya_mukhiya_096,alternate_difference,gender_raw,महीला,महिला,alternate_winners/GAYA/GAYA_GPM.pdf
gaya_mukhiya_097,alternate_difference,gender_raw,महीला,महिला,alternate_winners/GAYA/GAYA_GPM.pdf
gaya_mukhiya_102,non_numeric,daughters,3ग्र,,winners/GAYA/GAYA_GPM.pdf
gaya_mukhiya_102,alternate_difference,gender_raw,महीला,महिला,alternate_winners/GAYA/GAYA_GPM.pdf
gaya_mukhiya_102,spreadsheet_difference,panchayat_raw,छकरबंधा,छकरबन्दा,mukhiya_spreadsheets/Gaya.xls
gaya_mukhiya_102,spreadsheet_difference,age_raw,57,40,mukhiya_spreadsheets/Gaya.xls
gaya_mukhiya_102,spreadsheet_difference,annual_income_raw,60000,20000,mukhiya_spreadsheets/Gaya.xls
gaya_mukhiya_102,spreadsheet_difference,daughters_raw,3ग्र,3,mukhiya_spreadsheets/Gaya.xls
gaya_mukhiya_102,spreadsheet_difference,education_raw,पचमी,साक्षर,mukhiya_spreadsheets/Gaya.xls
gaya_mukhiya_103,age_out_of_range,age,0,,winners/GAYA/GAYA_GPM.pdf
gaya_mukhiya_103,alternate_difference,address_raw,प्रखड -नहीग्राम -नहीथाना -नहीपोस्ट,प्रखड -नहीग्राम -नहीथाना -नहीपोस्ट -नही,alternate_winners/GAYA/GAYA_GPM.pdf
gaya_mukhiya_103,alternate_difference,gender_raw,महीला,महिला,alternate_winners/GAYA/GAYA_GPM.pdf
gaya_mukhiya_104,repeated_seat_label,panchayat_raw,दुबहल,No automatic deduplication,winners/GAYA/GAYA_GPM.pdf
gaya_mukhiya_104,spreadsheet_difference,age_raw,29,27,mukhiya_spreadsheets/Gaya.xls
gaya_mukhiya_104,spreadsheet_difference,annual_income_raw,100000,20000,mukhiya_spreadsheets/Gaya.xls
gaya_mukhiya_104,spreadsheet_difference,sons_raw,2,1,mukhiya_spreadsheets/Gaya.xls
gaya_mukhiya_104,spreadsheet_difference,education_raw,आठबा,नवम्,mukhiya_spreadsheets/Gaya.xls
gaya_mukhiya_105,repeated_seat_label,panchayat_raw,दुबहल,No automatic deduplication,winners/GAYA/GAYA_GPM.pdf
gaya_mukhiya_107,age_out_of_range,age,0,,winners/GAYA/GAYA_GPM.pdf
gaya_mukhiya_107,unmapped_gender,gender,,,winners/GAYA/GAYA_GPM.pdf
gaya_mukhiya_107,alternate_difference,gender_raw,,महिला,alternate_winners/GAYA/GAYA_GPM.pdf
gaya_mukhiya_109,alternate_difference,address_raw,प्रखड -फतेहपुरग्राम -सलैया खुर्दथाना,प्रखड -फतेहपुरग्राम -सलैया खुर्दथाना -फतेहपुरपोस्ट,alternate_winners/GAYA/GAYA_GPM.pdf
gaya_mukhiya_109,spreadsheet_difference,age_raw,53,45,mukhiya_spreadsheets/Gaya.xls
gaya_mukhiya_109,spreadsheet_difference,annual_income_raw,85000,100000,mukhiya_spreadsheets/Gaya.xls
gaya_mukhiya_109,spreadsheet_difference,education_raw,साक्षरसाक्षर,साक्षर,mukhiya_spreadsheets/Gaya.xls
gaya_mukhiya_110,alternate_difference,address_raw,प्रखड -फतेहपुरग्राम -भलुआथाना,प्रखड -फतेहपुरग्राम -भलुआथाना -फतेहपुरपोस्ट,alternate_winners/GAYA/GAYA_GPM.pdf
gaya_mukhiya_110,alternate_difference,gender_raw,महीला,महिला,alternate_winners/GAYA/GAYA_GPM.pdf
gaya_mukhiya_111,alternate_difference,gender_raw,महीला,महिला,alternate_winners/GAYA/GAYA_GPM.pdf
gaya_mukhiya_112,alternate_difference,gender_raw,महीला,महिला,alternate_winners/GAYA/GAYA_GPM.pdf
gaya_mukhiya_112,spreadsheet_difference,panchayat_raw,डुमरीचट्टी,डुमरी चट्टी,mukhiya_spreadsheets/Gaya.xls
gaya_mukhiya_112,spreadsheet_difference,age_raw,34,30,mukhiya_spreadsheets/Gaya.xls
gaya_mukhiya_112,spreadsheet_difference,annual_income_raw,80000,100000,mukhiya_spreadsheets/Gaya.xls
gaya_mukhiya_112,spreadsheet_difference,education_raw,इन्टर,स्नातक,mukhiya_spreadsheets/Gaya.xls
gaya_mukhiya_113,alternate_difference,phone_raw,4414297887393,"4414297,8873934",alternate_winners/GAYA/GAYA_GPM.pdf
gaya_mukhiya_113,alternate_difference,occupation_raw,4321कृषी,321कृषी,alternate_winners/GAYA/GAYA_GPM.pdf
gaya_mukhiya_114,alternate_difference,address_raw,प्रखड -फतेहपुरग्राम -डुमरीथाना,प्रखड -फतेहपुरग्राम -डुमरीथाना -फतेहपुरपोस्ट,alternate_winners/GAYA/GAYA_GPM.pdf
gaya_mukhiya_114,spreadsheet_difference,panchayat_raw,मोहरे,ूमोरहे,mukhiya_spreadsheets/Gaya.xls
gaya_mukhiya_114,spreadsheet_difference,age_raw,42,45,mukhiya_spreadsheets/Gaya.xls
gaya_mukhiya_114,spreadsheet_difference,annual_income_raw,50000,100000,mukhiya_spreadsheets/Gaya.xls
gaya_mukhiya_114,spreadsheet_difference,education_raw,एम०ए०,स्नातकोत्तर एवं बी0एड0,mukhiya_spreadsheets/Gaya.xls
gaya_mukhiya_115,alternate_difference,gender_raw,महीला,महिला,alternate_winners/GAYA/GAYA_GPM.pdf
gaya_mukhiya_116,alternate_difference,gender_raw,महीला,महिला,alternate_winners/GAYA/GAYA_GPM.pdf
gaya_mukhiya_117,alternate_difference,address_raw,प्रखड -फतेहपुरग्राम -भारे टो० राजा,प्रखड -फतेहपुरग्राम -भारे टो० राजा बिगहाथाना,alternate_winners/GAYA/GAYA_GPM.pdf
gaya_mukhiya_118,alternate_difference,gender_raw,महीला,महिला,alternate_winners/GAYA/GAYA_GPM.pdf
gaya_mukhiya_119,spreadsheet_difference,panchayat_raw,नौडीहा सुलतानपुर,नौडिहा सुल्तानपुर,mukhiya_spreadsheets/Gaya.xls
gaya_mukhiya_119,spreadsheet_difference,age_raw,51,50,mukhiya_spreadsheets/Gaya.xls
gaya_mukhiya_119,spreadsheet_difference,annual_income_raw,45000,25000,mukhiya_spreadsheets/Gaya.xls
gaya_mukhiya_119,spreadsheet_difference,education_raw,इन्टर हुए है,इंटर,mukhiya_spreadsheets/Gaya.xls
gaya_mukhiya_121,alternate_difference,address_raw,प्रखड -फतेहपुरग्राम -कांटीथाना,प्रखड -फतेहपुरग्राम -कांटीथाना -फतेहपुरपोस्ट,alternate_winners/GAYA/GAYA_GPM.pdf
gaya_mukhiya_121,alternate_difference,gender_raw,महीला,महिला,alternate_winners/GAYA/GAYA_GPM.pdf
gaya_mukhiya_122,alternate_difference,gender_raw,महीला,महिला,alternate_winners/GAYA/GAYA_GPM.pdf
gaya_mukhiya_123,alternate_difference,address_raw,प्रखड -फतेहपुरग्राम -नगवांथाना,प्रखड -फतेहपुरग्राम -नगवांथाना -फतेहपुरपोस्ट,alternate_winners/GAYA/GAYA_GPM.pdf
gaya_mukhiya_124,alternate_difference,address_raw,प्रखड -फतेहपुरग्राम -कोघरथाना,प्रखड -फतेहपुरग्राम -कोघरथाना -फतेहपुरपोस्ट,alternate_winners/GAYA/GAYA_GPM.pdf
gaya_mukhiya_124,alternate_difference,gender_raw,महीला,महिला,alternate_winners/GAYA/GAYA_GPM.pdf
gaya_mukhiya_125,alternate_difference,gender_raw,महीला,महिला,alternate_winners/GAYA/GAYA_GPM.pdf
gaya_mukhiya_126,alternate_difference,gender_raw,महीला,महिला,alternate_winners/GAYA/GAYA_GPM.pdf
gaya_mukhiya_126,spreadsheet_difference,panchayat_raw,कठौतियाकेवाल,कठौतिया केवाल,mukhiya_spreadsheets/Gaya.xls
gaya_mukhiya_126,spreadsheet_difference,age_raw,35,32,mukhiya_spreadsheets/Gaya.xls
gaya_mukhiya_126,spreadsheet_difference,annual_income_raw,60000,18000,mukhiya_spreadsheets/Gaya.xls
gaya_mukhiya_126,spreadsheet_difference,daughters_raw,5,4,mukhiya_spreadsheets/Gaya.xls
gaya_mukhiya_126,spreadsheet_difference,education_raw,साक्षरसाक्षर,साक्षर,mukhiya_spreadsheets/Gaya.xls
gaya_mukhiya_127,alternate_difference,address_raw,प्रखड -फतेहपुरग्राम -छंघुथाना,प्रखड -फतेहपुरग्राम -छंघुथाना -फतेहपुरपोस्ट,alternate_winners/GAYA/GAYA_GPM.pdf
gaya_mukhiya_129,age_out_of_range,age,1980,,winners/GAYA/GAYA_GPM.pdf
gaya_mukhiya_129,alternate_difference,address_raw,प्रखड -गुरारूग्राम -कनौशीथाना,प्रखड -गुरारूग्राम -कनौशीथाना -कोचपोस्ट,alternate_winners/GAYA/GAYA_GPM.pdf
gaya_mukhiya_129,alternate_difference,gender_raw,महीला,महिला,alternate_winners/GAYA/GAYA_GPM.pdf
gaya_mukhiya_129,alternate_difference,category_raw,अ.जा.,अन्य,alternate_winners/GAYA/GAYA_GPM.pdf
gaya_mukhiya_130,age_out_of_range,age,1972,,winners/GAYA/GAYA_GPM.pdf
gaya_mukhiya_130,alternate_difference,gender_raw,महीला,महिला,alternate_winners/GAYA/GAYA_GPM.pdf
gaya_mukhiya_131,age_out_of_range,age,1966,,winners/GAYA/GAYA_GPM.pdf
gaya_mukhiya_131,alternate_difference,address_raw,प्रखड -गुरारूग्राम -बगहिहाथाना,प्रखड -गुरारूग्राम -बगहिहाथाना -गुरारूपोस्ट,alternate_winners/GAYA/GAYA_GPM.pdf
gaya_mukhiya_131,alternate_difference,gender_raw,महीला,महिला,alternate_winners/GAYA/GAYA_GPM.pdf
gaya_mukhiya_132,alternate_difference,address_raw,प्रखड -गुरारूग्राम -केखङाथाना,प्रखड -गुरारूग्राम -केखङाथाना -गुरारूपोस्ट,alternate_winners/GAYA/GAYA_GPM.pdf
gaya_mukhiya_133,alternate_difference,address_raw,प्रखड -गुरारूग्राम -बरोरहथाना,प्रखड -गुरारूग्राम -बरोरहथाना -गुरारूपोस्ट,alternate_winners/GAYA/GAYA_GPM.pdf
gaya_mukhiya_134,alternate_difference,address_raw,प्रखड -गुरारूग्राम -मलपाथाना,प्रखड -गुरारूग्राम -मलपाथाना -गुरारूपोस्ट,alternate_winners/GAYA/GAYA_GPM.pdf
gaya_mukhiya_134,alternate_difference,gender_raw,महीला,महिला,alternate_winners/GAYA/GAYA_GPM.pdf
gaya_mukhiya_135,alternate_difference,address_raw,प्रखड -गुरारूग्राम -गुरारू बाटाथाना,प्रखड -गुरारूग्राम -गुरारू बाटाथाना -गुरारूपोस्ट,alternate_winners/GAYA/GAYA_GPM.pdf
gaya_mukhiya_137,alternate_difference,address_raw,प्रखड -गुरारूग्राम -बलियाथाना,प्रखड -गुरारूग्राम -बलियाथाना -गुरारूपोस्ट,alternate_winners/GAYA/GAYA_GPM.pdf
gaya_mukhiya_138,alternate_difference,address_raw,प्रखड -गुरारूग्राम -मंगरावाथाना,प्रखड -गुरारूग्राम -मंगरावाथाना -गुरारूपोस्ट,alternate_winners/GAYA/GAYA_GPM.pdf
gaya_mukhiya_139,alternate_difference,address_raw,प्रखड -गुरारूग्राम -गोंडी,प्रखड -गुरारूग्राम -गोंडी पहरावालीथाना,alternate_winners/GAYA/GAYA_GPM.pdf
gaya_mukhiya_139,alternate_difference,gender_raw,महीला,महिला,alternate_winners/GAYA/GAYA_GPM.pdf
gaya_mukhiya_140,alternate_difference,address_raw,प्रखड -गुरुआग्राम -कठवाराथाना,प्रखड -गुरुआग्राम -कठवाराथाना -गुरुआपोस्ट,alternate_winners/GAYA/GAYA_GPM.pdf
gaya_mukhiya_140,alternate_difference,gender_raw,महीला,महिला,alternate_winners/GAYA/GAYA_GPM.pdf
gaya_mukhiya_141,alternate_difference,address_raw,प्रखड -गुरुआग्राम -वाजिद चकथाना,प्रखड -गुरुआग्राम -वाजिद चकथाना -गुरुआपोस्ट,alternate_winners/GAYA/GAYA_GPM.pdf
gaya_mukhiya_142,alternate_difference,address_raw,प्रखड -गुरुआग्राम -जोगियाथाना,प्रखड -गुरुआग्राम -जोगियाथाना -गुरुआपोस्ट,alternate_winners/GAYA/GAYA_GPM.pdf
gaya_mukhiya_143,alternate_difference,address_raw,प्रखड -गुरुआग्राम -कनौदीथाना,प्रखड -गुरुआग्राम -कनौदीथाना -गुरुआपोस्ट,alternate_winners/GAYA/GAYA_GPM.pdf
gaya_mukhiya_143,alternate_difference,gender_raw,महीला,महिला,alternate_winners/GAYA/GAYA_GPM.pdf
gaya_mukhiya_144,non_numeric,daughters,0पं,,winners/GAYA/GAYA_GPM.pdf
gaya_mukhiya_144,alternate_difference,address_raw,प्रखड -गुरुआग्राम -गोसपुरथाना,प्रखड -गुरुआग्राम -गोसपुरथाना -गुरुआपोस्ट,alternate_winners/GAYA/GAYA_GPM.pdf
gaya_mukhiya_144,alternate_difference,gender_raw,महीला,महिला,alternate_winners/GAYA/GAYA_GPM.pdf
gaya_mukhiya_144,spreadsheet_difference,age_raw,32,27,mukhiya_spreadsheets/Gaya.xls
gaya_mukhiya_144,spreadsheet_difference,annual_income_raw,10000,45000,mukhiya_spreadsheets/Gaya.xls
gaya_mukhiya_144,spreadsheet_difference,daughters_raw,0पं,1,mukhiya_spreadsheets/Gaya.xls
gaya_mukhiya_145,age_out_of_range,age,15,,winners/GAYA/GAYA_GPM.pdf
gaya_mukhiya_145,alternate_difference,address_raw,प्रखड -गुरुआग्राम -बेलौटीथाना,प्रखड -गुरुआग्राम -बेलौटीथाना -गुरुआपोस्ट,alternate_winners/GAYA/GAYA_GPM.pdf
gaya_mukhiya_145,alternate_difference,gender_raw,महीला,महिला,alternate_winners/GAYA/GAYA_GPM.pdf
gaya_mukhiya_146,alternate_difference,address_raw,प्रखड -गुरुआग्राम -बैदपुराथाना,प्रखड -गुरुआग्राम -बैदपुराथाना -गुरुआपोस्ट,alternate_winners/GAYA/GAYA_GPM.pdf
gaya_mukhiya_146,alternate_difference,gender_raw,महीला,महिला,alternate_winners/GAYA/GAYA_GPM.pdf
gaya_mukhiya_146,spreadsheet_difference,age_raw,65,59,mukhiya_spreadsheets/Gaya.xls
gaya_mukhiya_146,spreadsheet_difference,annual_income_raw,100000,62000,mukhiya_spreadsheets/Gaya.xls
gaya_mukhiya_146,spreadsheet_difference,daughters_raw,7,9,mukhiya_spreadsheets/Gaya.xls
gaya_mukhiya_147,alternate_difference,address_raw,प्रखड -गुरुआग्राम -राजनथाना,प्रखड -गुरुआग्राम -राजनथाना -गुरुआपोस्ट,alternate_winners/GAYA/GAYA_GPM.pdf
gaya_mukhiya_148,alternate_difference,address_raw,प्रखड -गुरुआग्राम -रुपनचकथाना,प्रखड -गुरुआग्राम -रुपनचकथाना -गुरुआपोस्ट,alternate_winners/GAYA/GAYA_GPM.pdf
gaya_mukhiya_148,alternate_difference,gender_raw,महीला,महिला,alternate_winners/GAYA/GAYA_GPM.pdf
gaya_mukhiya_149,alternate_difference,address_raw,प्रखड -गुरुआग्राम -उपलब्ध नही हैथाना,प्रखड -गुरुआग्राम -उपलब्ध नही हैथाना -गुरुआपोस्ट,alternate_winners/GAYA/GAYA_GPM.pdf
gaya_mukhiya_149,alternate_difference,gender_raw,महीला,महिला,alternate_winners/GAYA/GAYA_GPM.pdf
gaya_mukhiya_150,alternate_difference,address_raw,प्रखड -गुरुआग्राम -बलगॉवथाना,प्रखड -गुरुआग्राम -बलगॉवथाना -गुरुआपोस्ट,alternate_winners/GAYA/GAYA_GPM.pdf
gaya_mukhiya_151,alternate_difference,address_raw,प्रखड -गुरुआग्राम -मरौन्धाथाना,प्रखड -गुरुआग्राम -मरौन्धाथाना -गुरुआपोस्ट,alternate_winners/GAYA/GAYA_GPM.pdf
gaya_mukhiya_152,alternate_difference,address_raw,प्रखड -गुरुआग्राम -बहेरीथाना,प्रखड -गुरुआग्राम -बहेरीथाना -गुरुआपोस्ट,alternate_winners/GAYA/GAYA_GPM.pdf
gaya_mukhiya_153,alternate_difference,address_raw,प्रखड -गुरुआग्राम -अतोपुरथाना,प्रखड -गुरुआग्राम -अतोपुरथाना -गुरुआपोस्ट,alternate_winners/GAYA/GAYA_GPM.pdf
gaya_mukhiya_153,alternate_difference,gender_raw,महीला,महिला,alternate_winners/GAYA/GAYA_GPM.pdf
gaya_mukhiya_155,alternate_difference,address_raw,प्रखड -गुरुआग्राम -चासीथाना,प्रखड -गुरुआग्राम -चासीथाना -गुरुआपोस्ट,alternate_winners/GAYA/GAYA_GPM.pdf
gaya_mukhiya_155,alternate_difference,gender_raw,महीला,महिला,alternate_winners/GAYA/GAYA_GPM.pdf
gaya_mukhiya_156,alternate_difference,address_raw,प्रखड -खिजरसरायग्राम,प्रखड -खिजरसरायग्राम -उतरामाथाना,alternate_winners/GAYA/GAYA_GPM.pdf
gaya_mukhiya_157,alternate_difference,address_raw,प्रखड -खिजरसरायग्राम,प्रखड -खिजरसरायग्राम -इसमाईलपुरथाना,alternate_winners/GAYA/GAYA_GPM.pdf
gaya_mukhiya_157,spreadsheet_difference,panchayat_raw,कुतलुपुर,कुतुलपूर,mukhiya_spreadsheets/Gaya.xls
gaya_mukhiya_157,spreadsheet_difference,age_raw,29,30,mukhiya_spreadsheets/Gaya.xls
gaya_mukhiya_157,spreadsheet_difference,annual_income_raw,85000,24000,mukhiya_spreadsheets/Gaya.xls
gaya_mukhiya_157,spreadsheet_difference,daughters_raw,1,0,mukhiya_spreadsheets/Gaya.xls
gaya_mukhiya_158,alternate_difference,address_raw,प्रखड -खिजरसरायग्राम,प्रखड -खिजरसरायग्राम -श्याम नगरथाना,alternate_winners/GAYA/GAYA_GPM.pdf
gaya_mukhiya_159,alternate_difference,address_raw,प्रखड -खिजरसरायग्राम,प्रखड -खिजरसरायग्राम -जमुआवाथाना,alternate_winners/GAYA/GAYA_GPM.pdf
gaya_mukhiya_159,alternate_difference,gender_raw,महीला,महिला,alternate_winners/GAYA/GAYA_GPM.pdf
gaya_mukhiya_160,alternate_difference,address_raw,प्रखड -खिजरसरायग्राम,प्रखड -खिजरसरायग्राम -होरमाथाना,alternate_winners/GAYA/GAYA_GPM.pdf
gaya_mukhiya_160,alternate_difference,gender_raw,महीला,महिला,alternate_winners/GAYA/GAYA_GPM.pdf
gaya_mukhiya_161,alternate_difference,address_raw,प्रखड -खिजरसरायग्राम,प्रखड -खिजरसरायग्राम -खिजरसरायथाना,alternate_winners/GAYA/GAYA_GPM.pdf
gaya_mukhiya_161,alternate_difference,gender_raw,महीला,महिला,alternate_winners/GAYA/GAYA_GPM.pdf
gaya_mukhiya_162,alternate_difference,address_raw,प्रखड -खिजरसरायग्राम,प्रखड -खिजरसरायग्राम -मंडईथाना,alternate_winners/GAYA/GAYA_GPM.pdf
gaya_mukhiya_163,alternate_difference,address_raw,प्रखड -खिजरसरायग्राम,प्रखड -खिजरसरायग्राम -हरसिंगरथाना,alternate_winners/GAYA/GAYA_GPM.pdf
gaya_mukhiya_163,alternate_difference,gender_raw,महीला,महिला,alternate_winners/GAYA/GAYA_GPM.pdf
gaya_mukhiya_164,alternate_difference,address_raw,प्रखड -खिजरसरायग्राम,प्रखड -खिजरसरायग्राम -बिहटाथाना,alternate_winners/GAYA/GAYA_GPM.pdf
gaya_mukhiya_165,alternate_difference,address_raw,प्रखड -खिजरसरायग्राम,प्रखड -खिजरसरायग्राम -सैदपुरथाना,alternate_winners/GAYA/GAYA_GPM.pdf
gaya_mukhiya_165,alternate_difference,gender_raw,महीला,महिला,alternate_winners/GAYA/GAYA_GPM.pdf
gaya_mukhiya_166,alternate_difference,address_raw,प्रखड -खिजरसरायग्राम,प्रखड -खिजरसरायग्राम -बाराथाना,alternate_winners/GAYA/GAYA_GPM.pdf
gaya_mukhiya_167,alternate_difference,address_raw,प्रखड -खिजरसरायग्राम,प्रखड -खिजरसरायग्राम -खैराथाना,alternate_winners/GAYA/GAYA_GPM.pdf
gaya_mukhiya_167,spreadsheet_difference,age_raw,35,24,mukhiya_spreadsheets/Gaya.xls
gaya_mukhiya_167,spreadsheet_difference,annual_income_raw,200000,40000,mukhiya_spreadsheets/Gaya.xls
gaya_mukhiya_167,spreadsheet_difference,education_raw,स्नातक,मैट्रिक,mukhiya_spreadsheets/Gaya.xls
gaya_mukhiya_168,alternate_difference,address_raw,प्रखड -खिजरसरायग्राम,प्रखड -खिजरसरायग्राम -लोदीपुर टोला,alternate_winners/GAYA/GAYA_GPM.pdf
gaya_mukhiya_168,alternate_difference,gender_raw,महीला,महिला,alternate_winners/GAYA/GAYA_GPM.pdf
gaya_mukhiya_169,alternate_difference,address_raw,प्रखड -खिजरसरायग्राम,प्रखड -खिजरसरायग्राम -हथीयॅवाथाना,alternate_winners/GAYA/GAYA_GPM.pdf
gaya_mukhiya_170,alternate_difference,address_raw,प्रखड -खिजरसरायग्राम,प्रखड -खिजरसरायग्राम -वक्थरथाना,alternate_winners/GAYA/GAYA_GPM.pdf
gaya_mukhiya_170,alternate_difference,gender_raw,महीला,महिला,alternate_winners/GAYA/GAYA_GPM.pdf
gaya_mukhiya_170,spreadsheet_difference,age_raw,48,45,mukhiya_spreadsheets/Gaya.xls
gaya_mukhiya_170,spreadsheet_difference,annual_income_raw,20000,40000,mukhiya_spreadsheets/Gaya.xls
gaya_mukhiya_170,spreadsheet_difference,education_raw,साक्षर,पंचम,mukhiya_spreadsheets/Gaya.xls
gaya_mukhiya_171,alternate_difference,address_raw,प्रखड -खिजरसरायग्राम,प्रखड -खिजरसरायग्राम -हेमाराथाना,alternate_winners/GAYA/GAYA_GPM.pdf
gaya_mukhiya_172,alternate_difference,address_raw,प्रखड -कोंचग्राम -सिंघड़ाथाना,प्रखड -कोंचग्राम -सिंघड़ाथाना -कोंचपोस्ट,alternate_winners/GAYA/GAYA_GPM.pdf
gaya_mukhiya_173,alternate_difference,address_raw,प्रखड -कोंचग्राम -देवर बाजारथाना,प्रखड -कोंचग्राम -देवर बाजारथाना -कोंचपोस्ट,alternate_winners/GAYA/GAYA_GPM.pdf
gaya_mukhiya_173,alternate_difference,gender_raw,महीला,महिला,alternate_winners/GAYA/GAYA_GPM.pdf
gaya_mukhiya_174,alternate_difference,address_raw,प्रखड -कोंचग्राम -ढीबरीथाना,प्रखड -कोंचग्राम -ढीबरीथाना -कोंचपोस्ट,alternate_winners/GAYA/GAYA_GPM.pdf
gaya_mukhiya_174,alternate_difference,gender_raw,महीला,महिला,alternate_winners/GAYA/GAYA_GPM.pdf
gaya_mukhiya_175,alternate_difference,address_raw,प्रखड -कोंचग्राम -बडगावथाना,प्रखड -कोंचग्राम -बडगावथाना -कोंचपोस्ट,alternate_winners/GAYA/GAYA_GPM.pdf
gaya_mukhiya_176,alternate_difference,gender_raw,महीला,महिला,alternate_winners/GAYA/GAYA_GPM.pdf
gaya_mukhiya_176,spreadsheet_difference,panchayat_raw,गौहरपुर,श्रीगाँव,mukhiya_spreadsheets/Gaya.xls
gaya_mukhiya_176,spreadsheet_difference,annual_income_raw,200000,15000,mukhiya_spreadsheets/Gaya.xls
gaya_mukhiya_176,spreadsheet_difference,sons_raw,2,3,mukhiya_spreadsheets/Gaya.xls
gaya_mukhiya_176,spreadsheet_difference,daughters_raw,2,1,mukhiya_spreadsheets/Gaya.xls
gaya_mukhiya_176,spreadsheet_difference,education_raw,सतवी,पंचम,mukhiya_spreadsheets/Gaya.xls
gaya_mukhiya_177,alternate_difference,address_raw,प्रखड -कोंचग्राम -खजुरीथाना,प्रखड -कोंचग्राम -खजुरीथाना -कोंचपोस्ट,alternate_winners/GAYA/GAYA_GPM.pdf
gaya_mukhiya_178,non_numeric,annual_income,35000ाय,,winners/GAYA/GAYA_GPM.pdf
gaya_mukhiya_178,alternate_difference,address_raw,प्रखड -कोंचग्राम -टनकुप्पाथाना,प्रखड -कोंचग्राम -टनकुप्पाथाना -कोंचपोस्ट,alternate_winners/GAYA/GAYA_GPM.pdf
gaya_mukhiya_179,repeated_seat_label,panchayat_raw,कोंच,No automatic deduplication,winners/GAYA/GAYA_GPM.pdf
gaya_mukhiya_179,alternate_difference,address_raw,प्रखड -कोंचग्राम -कोंचथाना,प्रखड -कोंचग्राम -कोंचथाना -कोंचपोस्ट,alternate_winners/GAYA/GAYA_GPM.pdf
gaya_mukhiya_179,alternate_difference,gender_raw,महीला,महिला,alternate_winners/GAYA/GAYA_GPM.pdf
gaya_mukhiya_180,repeated_seat_label,panchayat_raw,कोंच,No automatic deduplication,winners/GAYA/GAYA_GPM.pdf
gaya_mukhiya_180,alternate_difference,address_raw,प्रखड -कोंचग्राम -मुड़ेराथाना,प्रखड -कोंचग्राम -मुड़ेराथाना -कोंचपोस्ट,alternate_winners/GAYA/GAYA_GPM.pdf
gaya_mukhiya_180,alternate_difference,gender_raw,महीला,महिला,alternate_winners/GAYA/GAYA_GPM.pdf
gaya_mukhiya_181,alternate_difference,address_raw,प्रखड -कोंचग्राम -पालीथाना,प्रखड -कोंचग्राम -पालीथाना -कोंचपोस्ट,alternate_winners/GAYA/GAYA_GPM.pdf
gaya_mukhiya_182,alternate_difference,address_raw,प्रखड -कोंचग्राम -कुरामावं टोला,प्रखड -कोंचग्राम -कुरामावं टोला मनोहरपुरथाना,alternate_winners/GAYA/GAYA_GPM.pdf
gaya_mukhiya_182,alternate_difference,gender_raw,महीला,महिला,alternate_winners/GAYA/GAYA_GPM.pdf
gaya_mukhiya_183,alternate_difference,address_raw,प्रखड -कोंचग्राम -तरारी टोला,प्रखड -कोंचग्राम -तरारी टोला गोपालपुरथाना,alternate_winners/GAYA/GAYA_GPM.pdf
gaya_mukhiya_184,alternate_difference,address_raw,प्रखड -कोंचग्राम -प्रधानाथाना,प्रखड -कोंचग्राम -प्रधानाथाना -कोंचपोस्ट,alternate_winners/GAYA/GAYA_GPM.pdf
gaya_mukhiya_184,alternate_difference,gender_raw,महीला,महिला,alternate_winners/GAYA/GAYA_GPM.pdf
gaya_mukhiya_185,alternate_difference,address_raw,प्रखड -कोंचग्राम -जहानाथाना,प्रखड -कोंचग्राम -जहानाथाना -आंतीपोस्ट,alternate_winners/GAYA/GAYA_GPM.pdf
gaya_mukhiya_186,alternate_difference,address_raw,प्रखड -कोंचग्राम -करमाईनथाना,प्रखड -कोंचग्राम -करमाईनथाना -आंतीपोस्ट,alternate_winners/GAYA/GAYA_GPM.pdf
gaya_mukhiya_187,alternate_difference,address_raw,प्रखड -कोंचग्राम -छातिहराजमालापुर,प्रखड -कोंचग्राम -छातिहराजमालापुरथाना,alternate_winners/GAYA/GAYA_GPM.pdf
gaya_mukhiya_187,spreadsheet_difference,panchayat_raw,कोरम,कोराप,mukhiya_spreadsheets/Gaya.xls
gaya_mukhiya_187,spreadsheet_difference,annual_income_raw,250000,100000,mukhiya_spreadsheets/Gaya.xls
gaya_mukhiya_187,spreadsheet_difference,education_raw,बि० ए०,बी0ए0 एम0एस0,mukhiya_spreadsheets/Gaya.xls
gaya_mukhiya_188,alternate_difference,address_raw,प्रखड -कोंचग्राम -बरईथाना,प्रखड -कोंचग्राम -बरईथाना -कोंचपोस्ट -अदई,alternate_winners/GAYA/GAYA_GPM.pdf
gaya_mukhiya_188,alternate_difference,gender_raw,महीला,महिला,alternate_winners/GAYA/GAYA_GPM.pdf
gaya_mukhiya_189,spreadsheet_difference,age_raw,44,39,mukhiya_spreadsheets/Gaya.xls
gaya_mukhiya_189,spreadsheet_difference,annual_income_raw,400000०,50000,mukhiya_spreadsheets/Gaya.xls
gaya_mukhiya_189,spreadsheet_difference,education_raw,एल० एल० बि०समरा,बी0ए0,mukhiya_spreadsheets/Gaya.xls
gaya_mukhiya_191,alternate_difference,gender_raw,महीला,महिला,alternate_winners/GAYA/GAYA_GPM.pdf
gaya_mukhiya_192,spreadsheet_difference,age_raw,32,28,mukhiya_spreadsheets/Gaya.xls
gaya_mukhiya_192,spreadsheet_difference,annual_income_raw,80000,12000,mukhiya_spreadsheets/Gaya.xls
gaya_mukhiya_193,alternate_difference,address_raw,प्रखड -मानपुरग्राम -भोरेथाना,प्रखड -मानपुरग्राम -भोरेथाना -मुफसिलपोस्ट,alternate_winners/GAYA/GAYA_GPM.pdf
gaya_mukhiya_193,alternate_difference,gender_raw,महीला,महिला,alternate_winners/GAYA/GAYA_GPM.pdf
gaya_mukhiya_194,alternate_difference,address_raw,प्रखड -मानपुरग्राम -बरेवथाना,प्रखड -मानपुरग्राम -बरेवथाना -मुफसिलपोस्ट,alternate_winners/GAYA/GAYA_GPM.pdf
gaya_mukhiya_195,alternate_difference,address_raw,प्रखड -मानपुरग्राम -गेरेथाना,प्रखड -मानपुरग्राम -गेरेथाना -मुफसिलपोस्ट,alternate_winners/GAYA/GAYA_GPM.pdf
gaya_mukhiya_196,alternate_difference,gender_raw,महीला,महिला,alternate_winners/GAYA/GAYA_GPM.pdf
gaya_mukhiya_196,spreadsheet_difference,age_raw,35,32,mukhiya_spreadsheets/Gaya.xls
gaya_mukhiya_196,spreadsheet_difference,annual_income_raw,150000,20000,mukhiya_spreadsheets/Gaya.xls
gaya_mukhiya_197,alternate_difference,gender_raw,महीला,महिला,alternate_winners/GAYA/GAYA_GPM.pdf
gaya_mukhiya_199,alternate_difference,gender_raw,महीला,महिला,alternate_winners/GAYA/GAYA_GPM.pdf
gaya_mukhiya_200,alternate_difference,gender_raw,महीला,महिला,alternate_winners/GAYA/GAYA_GPM.pdf
gaya_mukhiya_201,alternate_difference,address_raw,प्रखड -मानपुरग्राम -अमराथाना,प्रखड -मानपुरग्राम -अमराथाना -मुफसिलपोस्ट,alternate_winners/GAYA/GAYA_GPM.pdf
gaya_mukhiya_203,alternate_difference,address_raw,प्रखड -मोहनपुरग्राम -सुग्वाथाना,प्रखड -मोहनपुरग्राम -सुग्वाथाना -मोहनपुरपोस्ट,alternate_winners/GAYA/GAYA_GPM.pdf
gaya_mukhiya_204,alternate_difference,address_raw,प्रखड -मोहनपुरग्राम -डेमारो लक्ष्मी,प्रखड -मोहनपुरग्राम -डेमारो लक्ष्मी पुरथाना,alternate_winners/GAYA/GAYA_GPM.pdf
gaya_mukhiya_205,alternate_difference,address_raw,प्रखड -मोहनपुरग्राम -गणेश चकथाना,प्रखड -मोहनपुरग्राम -गणेश चकथाना -मोहनपुरपोस्ट,alternate_winners/GAYA/GAYA_GPM.pdf
gaya_mukhiya_205,alternate_difference,gender_raw,महीला,महिला,alternate_winners/GAYA/GAYA_GPM.pdf
gaya_mukhiya_207,alternate_difference,gender_raw,महीला,महिला,alternate_winners/GAYA/GAYA_GPM.pdf
gaya_mukhiya_208,spreadsheet_difference,panchayat_raw,सिरियावॉ,सिरियावाँ,mukhiya_spreadsheets/Gaya.xls
gaya_mukhiya_208,spreadsheet_difference,age_raw,42,36,mukhiya_spreadsheets/Gaya.xls
gaya_mukhiya_208,spreadsheet_difference,annual_income_raw,100000,95000,mukhiya_spreadsheets/Gaya.xls
gaya_mukhiya_208,spreadsheet_difference,education_raw,स्नातक,बी0ए0,mukhiya_spreadsheets/Gaya.xls
gaya_mukhiya_209,alternate_difference,gender_raw,महीला,महिला,alternate_winners/GAYA/GAYA_GPM.pdf
gaya_mukhiya_209,spreadsheet_difference,panchayat_raw,खरड़ीह,खरडीह,mukhiya_spreadsheets/Gaya.xls
gaya_mukhiya_209,spreadsheet_difference,age_raw,33,27,mukhiya_spreadsheets/Gaya.xls
gaya_mukhiya_209,spreadsheet_difference,annual_income_raw,70000,14000,mukhiya_spreadsheets/Gaya.xls
gaya_mukhiya_209,spreadsheet_difference,education_raw,साक्षर,पंचम,mukhiya_spreadsheets/Gaya.xls
gaya_mukhiya_210,alternate_difference,address_raw,प्रखड -मोहनपुरग्राम -लाडु टो0थाना,प्रखड -मोहनपुरग्राम -लाडु टो0थाना -मोहनपुरपोस्ट,alternate_winners/GAYA/GAYA_GPM.pdf
gaya_mukhiya_210,alternate_difference,gender_raw,महीला,महिला,alternate_winners/GAYA/GAYA_GPM.pdf
gaya_mukhiya_212,alternate_difference,address_raw,प्रखड -मोहनपुरग्राम -लईथाना,प्रखड -मोहनपुरग्राम -लईथाना -मोहनपुरपोस्ट,alternate_winners/GAYA/GAYA_GPM.pdf
gaya_mukhiya_215,alternate_difference,gender_raw,महीला,महिला,alternate_winners/GAYA/GAYA_GPM.pdf
gaya_mukhiya_216,alternate_difference,gender_raw,महीला,महिला,alternate_winners/GAYA/GAYA_GPM.pdf
gaya_mukhiya_216,spreadsheet_difference,panchayat_raw,गोपालकेड़ा,खरडीह,mukhiya_spreadsheets/Gaya.xls
gaya_mukhiya_216,spreadsheet_difference,age_raw,40,27,mukhiya_spreadsheets/Gaya.xls
gaya_mukhiya_216,spreadsheet_difference,annual_income_raw,55000,14000,mukhiya_spreadsheets/Gaya.xls
gaya_mukhiya_216,spreadsheet_difference,daughters_raw,1,3,mukhiya_spreadsheets/Gaya.xls
gaya_mukhiya_216,spreadsheet_difference,education_raw,साक्षर,पंचम,mukhiya_spreadsheets/Gaya.xls
gaya_mukhiya_218,alternate_difference,gender_raw,महीला,महिला,alternate_winners/GAYA/GAYA_GPM.pdf
gaya_mukhiya_219,alternate_difference,address_raw,प्रखड -मोहनपुरग्राम -सिन्धु गढथाना,प्रखड -मोहनपुरग्राम -सिन्धु गढथाना -मोहनपुरपोस्ट,alternate_winners/GAYA/GAYA_GPM.pdf
gaya_mukhiya_219,alternate_difference,gender_raw,महीला,महिला,alternate_winners/GAYA/GAYA_GPM.pdf
gaya_mukhiya_220,alternate_difference,address_raw,प्रखड -मोहराग्राम -अईमा चौकीथाना,प्रखड -मोहराग्राम -अईमा चौकीथाना -मोहरापोस्ट,alternate_winners/GAYA/GAYA_GPM.pdf
gaya_mukhiya_222,alternate_difference,address_raw,प्रखड -मोहराग्राम -जेठीयनथाना,प्रखड -मोहराग्राम -जेठीयनथाना -मोहरापोस्ट,alternate_winners/GAYA/GAYA_GPM.pdf
gaya_mukhiya_223,alternate_difference,address_raw,प्रखड -मोहराग्राम -कजुरथाना,प्रखड -मोहराग्राम -कजुरथाना -मोहरापोस्ट,alternate_winners/GAYA/GAYA_GPM.pdf
gaya_mukhiya_224,alternate_difference,address_raw,प्रखड -मोहराग्राम -शिवलाल,प्रखड -मोहराग्राम -शिवलाल बिगहाथाना,alternate_winners/GAYA/GAYA_GPM.pdf
gaya_mukhiya_224,alternate_difference,gender_raw,महीला,महिला,alternate_winners/GAYA/GAYA_GPM.pdf
gaya_mukhiya_225,alternate_difference,address_raw,प्रखड -मोहराग्राम -चंदैलाथाना,प्रखड -मोहराग्राम -चंदैलाथाना -मोहरापोस्ट,alternate_winners/GAYA/GAYA_GPM.pdf
gaya_mukhiya_226,alternate_difference,address_raw,प्रखड -मोहराग्राम -रिउलाथाना,प्रखड -मोहराग्राम -रिउलाथाना -मोहरापोस्ट,alternate_winners/GAYA/GAYA_GPM.pdf
gaya_mukhiya_226,alternate_difference,gender_raw,महीला,महिला,alternate_winners/GAYA/GAYA_GPM.pdf
gaya_mukhiya_227,alternate_difference,address_raw,प्रखड -मोहराग्राम -पदमोलथाना,प्रखड -मोहराग्राम -पदमोलथाना -मोहरापोस्ट,alternate_winners/GAYA/GAYA_GPM.pdf
gaya_mukhiya_227,alternate_difference,gender_raw,महीला,महिला,alternate_winners/GAYA/GAYA_GPM.pdf
gaya_mukhiya_228,alternate_difference,gender_raw,महीला,महिला,alternate_winners/GAYA/GAYA_GPM.pdf
gaya_mukhiya_228,spreadsheet_difference,annual_income_raw,27000,10000,mukhiya_spreadsheets/Gaya.xls
gaya_mukhiya_229,repeated_seat_label,panchayat_raw,केशरु धर्मपुर,No automatic deduplication,winners/GAYA/GAYA_GPM.pdf
gaya_mukhiya_229,alternate_difference,address_raw,प्रखड -नगरग्राम -केशरु धर्मपुरथाना,प्रखड -नगरग्राम -केशरु धर्मपुरथाना -चंदौतीपोस्ट,alternate_winners/GAYA/GAYA_GPM.pdf
gaya_mukhiya_229,alternate_difference,gender_raw,महीला,महिला,alternate_winners/GAYA/GAYA_GPM.pdf
gaya_mukhiya_230,repeated_seat_label,panchayat_raw,अमराहा,No automatic deduplication,winners/GAYA/GAYA_GPM.pdf
gaya_mukhiya_230,alternate_difference,address_raw,प्रखड -नगरग्राम -नवी नगरथाना,प्रखड -नगरग्राम -नवी नगरथाना -चंदौतीपोस्ट,alternate_winners/GAYA/GAYA_GPM.pdf
gaya_mukhiya_231,alternate_difference,address_raw,प्रखड -नगरग्राम -चाकन्द बाजारथाना,प्रखड -नगरग्राम -चाकन्द बाजारथाना -चंदौतीपोस्ट,alternate_winners/GAYA/GAYA_GPM.pdf
gaya_mukhiya_232,repeated_seat_label,panchayat_raw,मदन बिगहा,No automatic deduplication,winners/GAYA/GAYA_GPM.pdf
gaya_mukhiya_232,alternate_difference,address_raw,प्रखड -नगरग्राम -मदन बिगहाथाना,प्रखड -नगरग्राम -मदन बिगहाथाना -चंदौतीपोस्ट,alternate_winners/GAYA/GAYA_GPM.pdf
gaya_mukhiya_233,repeated_seat_label,panchayat_raw,रसलपुर,No automatic deduplication,winners/GAYA/GAYA_GPM.pdf
gaya_mukhiya_233,alternate_difference,address_raw,प्रखड -नगरग्राम -रसल पुरथाना,प्रखड -नगरग्राम -रसल पुरथाना -चंदौतीपोस्ट,alternate_winners/GAYA/GAYA_GPM.pdf
gaya_mukhiya_234,repeated_seat_label,panchayat_raw,बारा,No automatic deduplication,winners/GAYA/GAYA_GPM.pdf
gaya_mukhiya_234,alternate_difference,address_raw,प्रखड -नगरग्राम -बाराथाना,प्रखड -नगरग्राम -बाराथाना -चंदौतीपोस्ट,alternate_winners/GAYA/GAYA_GPM.pdf
gaya_mukhiya_234,alternate_difference,gender_raw,महीला,महिला,alternate_winners/GAYA/GAYA_GPM.pdf
gaya_mukhiya_235,repeated_seat_label,panchayat_raw,कोरमा,No automatic deduplication,winners/GAYA/GAYA_GPM.pdf
gaya_mukhiya_235,alternate_difference,address_raw,प्रखड -नगरग्राम -ढकाईनथाना,प्रखड -नगरग्राम -ढकाईनथाना -चंदौतीपोस्ट,alternate_winners/GAYA/GAYA_GPM.pdf
gaya_mukhiya_235,spreadsheet_difference,panchayat_raw,कोरमा,कोरमाॅ,mukhiya_spreadsheets/Gaya.xls
gaya_mukhiya_235,spreadsheet_difference,age_raw,29,36,mukhiya_spreadsheets/Gaya.xls
gaya_mukhiya_235,spreadsheet_difference,annual_income_raw,50000,15000,mukhiya_spreadsheets/Gaya.xls
gaya_mukhiya_235,spreadsheet_difference,education_raw,मध्यमा,दशम,mukhiya_spreadsheets/Gaya.xls
gaya_mukhiya_236,repeated_seat_label,panchayat_raw,चुरी,No automatic deduplication,winners/GAYA/GAYA_GPM.pdf
gaya_mukhiya_236,alternate_difference,address_raw,प्रखड -नगरग्राम -इसमाइल पुर बहादुर,प्रखड -नगरग्राम -इसमाइल पुर बहादुर बिगहाथाना,alternate_winners/GAYA/GAYA_GPM.pdf
gaya_mukhiya_236,alternate_difference,category_raw,पिछडा वर्ग9939,पिछडा वर्ग993,alternate_winners/GAYA/GAYA_GPM.pdf
gaya_mukhiya_236,alternate_difference,phone_raw,435550 993442,"9435550, 9934421",alternate_winners/GAYA/GAYA_GPM.pdf
gaya_mukhiya_236,alternate_difference,occupation_raw,1695कृषी,695कृषी,alternate_winners/GAYA/GAYA_GPM.pdf
gaya_mukhiya_236,spreadsheet_difference,age_raw,41,35,mukhiya_spreadsheets/Gaya.xls
gaya_mukhiya_236,spreadsheet_difference,annual_income_raw,75000,30000,mukhiya_spreadsheets/Gaya.xls
gaya_mukhiya_236,spreadsheet_difference,education_raw,मैट्रीक,इंटर,mukhiya_spreadsheets/Gaya.xls
gaya_mukhiya_237,repeated_seat_label,panchayat_raw,कुजाप,No automatic deduplication,winners/GAYA/GAYA_GPM.pdf
gaya_mukhiya_237,alternate_difference,address_raw,प्रखड -नगरग्राम -केवालीथाना,प्रखड -नगरग्राम -केवालीथाना -चंदौतीपोस्ट,alternate_winners/GAYA/GAYA_GPM.pdf
gaya_mukhiya_237,alternate_difference,gender_raw,महीला,महिला,alternate_winners/GAYA/GAYA_GPM.pdf
gaya_mukhiya_238,repeated_seat_label,panchayat_raw,कंडी,No automatic deduplication,winners/GAYA/GAYA_GPM.pdf
gaya_mukhiya_238,alternate_difference,address_raw,प्रखड -नगरग्राम -कंडीथाना,प्रखड -नगरग्राम -कंडीथाना -चंदौतीपोस्ट -बीथो शरीफ,alternate_winners/GAYA/GAYA_GPM.pdf
gaya_mukhiya_238,alternate_difference,gender_raw,महीला,महिला,alternate_winners/GAYA/GAYA_GPM.pdf
gaya_mukhiya_238,spreadsheet_difference,panchayat_raw,कंडी,कण्डी,mukhiya_spreadsheets/Gaya.xls
gaya_mukhiya_238,spreadsheet_difference,age_raw,31,26,mukhiya_spreadsheets/Gaya.xls
gaya_mukhiya_238,spreadsheet_difference,annual_income_raw,120000,25000,mukhiya_spreadsheets/Gaya.xls
gaya_mukhiya_238,spreadsheet_difference,education_raw,पाचवां,साक्षर,mukhiya_spreadsheets/Gaya.xls
gaya_mukhiya_239,alternate_difference,address_raw,प्रखड -नगरग्राम -कुजापीथाना,प्रखड -नगरग्राम -कुजापीथाना -चंदौतीपोस्ट,alternate_winners/GAYA/GAYA_GPM.pdf
gaya_mukhiya_240,alternate_difference,address_raw,प्रखड -नगरग्राम -गुलनी दिहुरीथाना,प्रखड -नगरग्राम -गुलनी दिहुरीथाना -चंदौतीपोस्ट,alternate_winners/GAYA/GAYA_GPM.pdf
gaya_mukhiya_241,alternate_difference,address_raw,प्रखड -नगरग्राम -नीमाथाना,प्रखड -नगरग्राम -नीमाथाना -चंदौतीपोस्ट,alternate_winners/GAYA/GAYA_GPM.pdf
gaya_mukhiya_242,spreadsheet_difference,age_raw,39,42,mukhiya_spreadsheets/Gaya.xls
gaya_mukhiya_242,spreadsheet_difference,annual_income_raw,100000,60000,mukhiya_spreadsheets/Gaya.xls
gaya_mukhiya_242,spreadsheet_difference,education_raw,इंटर,बी0ए0,mukhiya_spreadsheets/Gaya.xls
gaya_mukhiya_243,alternate_difference,address_raw,प्रखड -नगरग्राम -पहाड़ पुरथाना,प्रखड -नगरग्राम -पहाड़ पुरथाना -चंदौतीपोस्ट,alternate_winners/GAYA/GAYA_GPM.pdf
gaya_mukhiya_243,alternate_difference,gender_raw,महीला,महिला,alternate_winners/GAYA/GAYA_GPM.pdf
gaya_mukhiya_244,repeated_seat_label,panchayat_raw,खिरियावा,No automatic deduplication,winners/GAYA/GAYA_GPM.pdf
gaya_mukhiya_244,spreadsheet_difference,panchayat_raw,खिरियावा,खिरियावाँ,mukhiya_spreadsheets/Gaya.xls
gaya_mukhiya_244,spreadsheet_difference,age_raw,41,40,mukhiya_spreadsheets/Gaya.xls
gaya_mukhiya_244,spreadsheet_difference,annual_income_raw,60000,20000,mukhiya_spreadsheets/Gaya.xls
gaya_mukhiya_244,spreadsheet_difference,education_raw,मैट्रीक आई० टी० आई०,मैट्रिक,mukhiya_spreadsheets/Gaya.xls
gaya_mukhiya_245,repeated_seat_label,panchayat_raw,केशरु धर्मपुर,No automatic deduplication,winners/GAYA/GAYA_GPM.pdf
gaya_mukhiya_245,alternate_difference,address_raw,प्रखड -नगरग्राम -केशरु धर्मपुरथाना,प्रखड -नगरग्राम -केशरु धर्मपुरथाना -चन्दौतीपोस्ट,alternate_winners/GAYA/GAYA_GPM.pdf
gaya_mukhiya_245,alternate_difference,gender_raw,महीला,महिला,alternate_winners/GAYA/GAYA_GPM.pdf
gaya_mukhiya_246,repeated_seat_label,panchayat_raw,अमराहा,No automatic deduplication,winners/GAYA/GAYA_GPM.pdf
gaya_mukhiya_246,alternate_difference,address_raw,प्रखड -नगरग्राम -नवि नगरथाना,प्रखड -नगरग्राम -नवि नगरथाना -चन्दौतीपोस्ट,alternate_winners/GAYA/GAYA_GPM.pdf
gaya_mukhiya_247,repeated_seat_label,panchayat_raw,अमराहा,No automatic deduplication,winners/GAYA/GAYA_GPM.pdf
gaya_mukhiya_247,alternate_difference,address_raw,प्रखड -नगरग्राम -चाकन्द बाजारथाना,प्रखड -नगरग्राम -चाकन्द बाजारथाना -चन्दौतीपोस्ट,alternate_winners/GAYA/GAYA_GPM.pdf
gaya_mukhiya_248,repeated_seat_label,panchayat_raw,मदन बिगहा,No automatic deduplication,winners/GAYA/GAYA_GPM.pdf
gaya_mukhiya_248,alternate_difference,address_raw,प्रखड -नगरग्राम -मदन बिगहाथाना,प्रखड -नगरग्राम -मदन बिगहाथाना -चन्दौतीपोस्ट,alternate_winners/GAYA/GAYA_GPM.pdf
gaya_mukhiya_248,alternate_difference,gender_raw,महीला,महिला,alternate_winners/GAYA/GAYA_GPM.pdf
gaya_mukhiya_249,repeated_seat_label,panchayat_raw,रसलपुर,No automatic deduplication,winners/GAYA/GAYA_GPM.pdf
gaya_mukhiya_250,repeated_seat_label,panchayat_raw,बारा,No automatic deduplication,winners/GAYA/GAYA_GPM.pdf
gaya_mukhiya_250,alternate_difference,address_raw,प्रखड -नगरग्राम -बाराथाना,प्रखड -नगरग्राम -बाराथाना -चन्दौतीपोस्ट,alternate_winners/GAYA/GAYA_GPM.pdf
gaya_mukhiya_250,alternate_difference,gender_raw,महीला,महिला,alternate_winners/GAYA/GAYA_GPM.pdf
gaya_mukhiya_251,repeated_seat_label,panchayat_raw,कोरमा,No automatic deduplication,winners/GAYA/GAYA_GPM.pdf
gaya_mukhiya_251,spreadsheet_difference,panchayat_raw,कोरमा,कोरमाॅ,mukhiya_spreadsheets/Gaya.xls
gaya_mukhiya_251,spreadsheet_difference,age_raw,29,36,mukhiya_spreadsheets/Gaya.xls
gaya_mukhiya_251,spreadsheet_difference,annual_income_raw,50000,15000,mukhiya_spreadsheets/Gaya.xls
gaya_mukhiya_251,spreadsheet_difference,education_raw,मैट्रिक,दशम,mukhiya_spreadsheets/Gaya.xls
gaya_mukhiya_252,repeated_seat_label,panchayat_raw,चुरी,No automatic deduplication,winners/GAYA/GAYA_GPM.pdf
gaya_mukhiya_252,spreadsheet_difference,age_raw,41,35,mukhiya_spreadsheets/Gaya.xls
gaya_mukhiya_252,spreadsheet_difference,annual_income_raw,75000,30000,mukhiya_spreadsheets/Gaya.xls
gaya_mukhiya_252,spreadsheet_difference,education_raw,मैट्रिक,इंटर,mukhiya_spreadsheets/Gaya.xls
gaya_mukhiya_253,repeated_seat_label,panchayat_raw,कुजाप,No automatic deduplication,winners/GAYA/GAYA_GPM.pdf
gaya_mukhiya_253,alternate_difference,gender_raw,महीला,महिला,alternate_winners/GAYA/GAYA_GPM.pdf
gaya_mukhiya_254,repeated_seat_label,panchayat_raw,कंडी,No automatic deduplication,winners/GAYA/GAYA_GPM.pdf
gaya_mukhiya_254,alternate_difference,address_raw,प्रखड -नगरग्राम -कंडीथाना,प्रखड -नगरग्राम -कंडीथाना -चन्दौतीपोस्ट -बिथो,alternate_winners/GAYA/GAYA_GPM.pdf
gaya_mukhiya_254,alternate_difference,gender_raw,महीला,महिला,alternate_winners/GAYA/GAYA_GPM.pdf
gaya_mukhiya_255,alternate_difference,address_raw,प्रखड -नगरग्राम -कंडीथाना,प्रखड -नगरग्राम -कंडीथाना -चन्दौतीपोस्ट -बिथो,alternate_winners/GAYA/GAYA_GPM.pdf
gaya_mukhiya_255,alternate_difference,gender_raw,महीला,महिला,alternate_winners/GAYA/GAYA_GPM.pdf
gaya_mukhiya_257,alternate_difference,address_raw,प्रखड -नगरग्राम -निमाथाना -म0,प्रखड -नगरग्राम -निमाथाना -म0 मेपोस्ट,alternate_winners/GAYA/GAYA_GPM.pdf
gaya_mukhiya_258,spreadsheet_difference,panchayat_raw,धंनसिर,धनसीर,mukhiya_spreadsheets/Gaya.xls
gaya_mukhiya_258,spreadsheet_difference,age_raw,39,42,mukhiya_spreadsheets/Gaya.xls
gaya_mukhiya_258,spreadsheet_difference,annual_income_raw,100000,60000,mukhiya_spreadsheets/Gaya.xls
gaya_mukhiya_258,spreadsheet_difference,education_raw,इन्टरमिडियट,बी0ए0,mukhiya_spreadsheets/Gaya.xls
gaya_mukhiya_259,alternate_difference,address_raw,प्रखड -नगरग्राम -पहाडपुरथाना -म0,प्रखड -नगरग्राम -पहाडपुरथाना -म0 मेपोस्ट,alternate_winners/GAYA/GAYA_GPM.pdf
gaya_mukhiya_259,alternate_difference,gender_raw,महीला,महिला,alternate_winners/GAYA/GAYA_GPM.pdf
gaya_mukhiya_260,repeated_seat_label,panchayat_raw,खिरियावा,No automatic deduplication,winners/GAYA/GAYA_GPM.pdf
gaya_mukhiya_261,alternate_difference,address_raw,प्रखड -नीमचक बथानीग्राम -बंडी,प्रखड -नीमचक बथानीग्राम -बंडी कल्यानपुरथाना,alternate_winners/GAYA/GAYA_GPM.pdf
gaya_mukhiya_261,alternate_difference,gender_raw,महीला,महिला,alternate_winners/GAYA/GAYA_GPM.pdf
gaya_mukhiya_262,alternate_difference,address_raw,प्रखड -नीमचक बथानीग्राम,प्रखड -नीमचक बथानीग्राम -वरनीथाना -नमचक,alternate_winners/GAYA/GAYA_GPM.pdf
gaya_mukhiya_262,spreadsheet_difference,panchayat_raw,सिंघाल,सिघौंल,mukhiya_spreadsheets/Gaya.xls
gaya_mukhiya_262,spreadsheet_difference,annual_income_raw,400000,,mukhiya_spreadsheets/Gaya.xls
gaya_mukhiya_263,alternate_difference,address_raw,प्रखड -नीमचक बतानीग्राम,प्रखड -नीमचक बतानीग्राम -कटारीथाना -नीमचक,alternate_winners/GAYA/GAYA_GPM.pdf
gaya_mukhiya_264,non_numeric,annual_income,140000ज्ञ,,winners/GAYA/GAYA_GPM.pdf
gaya_mukhiya_264,alternate_difference,address_raw,प्रखड -नीमचक बथानीग्राम,प्रखड -नीमचक बथानीग्राम -बथानीथाना -नीमचक,alternate_winners/GAYA/GAYA_GPM.pdf
gaya_mukhiya_264,alternate_difference,gender_raw,महीला,महिला,alternate_winners/GAYA/GAYA_GPM.pdf
gaya_mukhiya_264,spreadsheet_difference,panchayat_raw,मुखिया ग्राम प० बथानी,बथानी,mukhiya_spreadsheets/Gaya.xls
gaya_mukhiya_264,spreadsheet_difference,age_raw,39,26,mukhiya_spreadsheets/Gaya.xls
gaya_mukhiya_264,spreadsheet_difference,annual_income_raw,140000ज्ञ,,mukhiya_spreadsheets/Gaya.xls
gaya_mukhiya_264,spreadsheet_difference,education_raw,interयत,मैट्रिक,mukhiya_spreadsheets/Gaya.xls
gaya_mukhiya_265,alternate_difference,address_raw,प्रखड -नीमचक बथानीग्राम,प्रखड -नीमचक बथानीग्राम -छतनीथाना -नीमचक,alternate_winners/GAYA/GAYA_GPM.pdf
gaya_mukhiya_265,spreadsheet_difference,age_raw,37,28,mukhiya_spreadsheets/Gaya.xls
gaya_mukhiya_265,spreadsheet_difference,annual_income_raw,100000,,mukhiya_spreadsheets/Gaya.xls
gaya_mukhiya_266,alternate_difference,address_raw,प्रखड -नीमचक बथानीग्राम -माधो,प्रखड -नीमचक बथानीग्राम -माधो बोगहाथाना,alternate_winners/GAYA/GAYA_GPM.pdf
gaya_mukhiya_266,alternate_difference,gender_raw,महीला,महिला,alternate_winners/GAYA/GAYA_GPM.pdf
gaya_mukhiya_267,alternate_difference,address_raw,प्रखड -नीमचक बथानीग्राम -भुपेध,प्रखड -नीमचक बथानीग्राम -भुपेध नगरथाना -नमचक,alternate_winners/GAYA/GAYA_GPM.pdf
gaya_mukhiya_268,alternate_difference,address_raw,प्रखड -नीमचक बथानीग्राम,प्रखड -नीमचक बथानीग्राम -सरेनथाना -नमचक,alternate_winners/GAYA/GAYA_GPM.pdf
gaya_mukhiya_269,alternate_difference,address_raw,प्रखड -पर्रैयाग्राम -नूअया विगहाथाना,प्रखड -पर्रैयाग्राम -नूअया विगहाथाना -पर्रैयापोस्ट,alternate_winners/GAYA/GAYA_GPM.pdf
gaya_mukhiya_270,alternate_difference,address_raw,प्रखड -पर्रैयाग्राम -रामडीहथाना,प्रखड -पर्रैयाग्राम -रामडीहथाना -पर्रैयापोस्ट,alternate_winners/GAYA/GAYA_GPM.pdf
gaya_mukhiya_271,alternate_difference,address_raw,प्रखड -पर्रैयाग्राम -पर्रैया खुर्दथाना,प्रखड -पर्रैयाग्राम -पर्रैया खुर्दथाना -पर्रैयापोस्ट,alternate_winners/GAYA/GAYA_GPM.pdf
gaya_mukhiya_271,alternate_difference,gender_raw,महीला,महिला,alternate_winners/GAYA/GAYA_GPM.pdf
gaya_mukhiya_272,alternate_difference,address_raw,प्रखड -पर्रैयाग्राम -सरहरा टोलाथाना,प्रखड -पर्रैयाग्राम -सरहरा टोलाथाना -पर्रैयापोस्ट,alternate_winners/GAYA/GAYA_GPM.pdf
gaya_mukhiya_272,alternate_difference,gender_raw,महीला,महिला,alternate_winners/GAYA/GAYA_GPM.pdf
gaya_mukhiya_273,alternate_difference,address_raw,प्रखड -पर्रैयाग्राम -सलेमपुरथाना,प्रखड -पर्रैयाग्राम -सलेमपुरथाना -पर्रैयापोस्ट,alternate_winners/GAYA/GAYA_GPM.pdf
gaya_mukhiya_274,alternate_difference,address_raw,प्रखड -पर्रैयाग्राम -हसपुराथाना,प्रखड -पर्रैयाग्राम -हसपुराथाना -पर्रैयापोस्ट,alternate_winners/GAYA/GAYA_GPM.pdf
gaya_mukhiya_275,alternate_difference,address_raw,प्रखड -पर्रैयाग्राम -लक्ष्मण विगहाथाना,प्रखड -पर्रैयाग्राम -लक्ष्मण विगहाथाना -पर्रैयापोस्ट,alternate_winners/GAYA/GAYA_GPM.pdf
gaya_mukhiya_277,alternate_difference,address_raw,प्रखड -पर्रैयाग्राम -इटवांथाना,प्रखड -पर्रैयाग्राम -इटवांथाना -पर्रैयापोस्ट,alternate_winners/GAYA/GAYA_GPM.pdf
gaya_mukhiya_277,alternate_difference,gender_raw,महीला,महिला,alternate_winners/GAYA/GAYA_GPM.pdf
gaya_mukhiya_278,alternate_difference,gender_raw,महीला,महिला,alternate_winners/GAYA/GAYA_GPM.pdf
gaya_mukhiya_278,alternate_difference,phone_raw,1791304993983,"1791304,9939836",alternate_winners/GAYA/GAYA_GPM.pdf
gaya_mukhiya_278,alternate_difference,occupation_raw,6019खेती,019खेती,alternate_winners/GAYA/GAYA_GPM.pdf
gaya_mukhiya_279,alternate_difference,address_raw,प्रखड -शेरघाटीग्राम -बेलाथाना,प्रखड -शेरघाटीग्राम -बेलाथाना -शेरघाटीपोस्ट,alternate_winners/GAYA/GAYA_GPM.pdf
gaya_mukhiya_279,spreadsheet_difference,age_raw,37,34,mukhiya_spreadsheets/Gaya.xls
gaya_mukhiya_279,spreadsheet_difference,annual_income_raw,90000,50000,mukhiya_spreadsheets/Gaya.xls
gaya_mukhiya_281,non_numeric,daughters,1ग्र,,winners/GAYA/GAYA_GPM.pdf
gaya_mukhiya_281,alternate_difference,gender_raw,महीला,महिला,alternate_winners/GAYA/GAYA_GPM.pdf
gaya_mukhiya_282,alternate_difference,address_raw,प्रखड -शेरघाटीग्राम -कुशाथाना,प्रखड -शेरघाटीग्राम -कुशाथाना -शेरघाटीपोस्ट,alternate_winners/GAYA/GAYA_GPM.pdf
gaya_mukhiya_283,alternate_difference,gender_raw,महीला,महिला,alternate_winners/GAYA/GAYA_GPM.pdf
gaya_mukhiya_287,alternate_difference,address_raw,प्रखड -टनकुप्पाग्राम -कनवाँथाना,प्रखड -टनकुप्पाग्राम -कनवाँथाना -टनकुप्पापोस्ट,alternate_winners/GAYA/GAYA_GPM.pdf
gaya_mukhiya_287,alternate_difference,gender_raw,महीला,महिला,alternate_winners/GAYA/GAYA_GPM.pdf
gaya_mukhiya_288,alternate_difference,gender_raw,महीला,महिला,alternate_winners/GAYA/GAYA_GPM.pdf
gaya_mukhiya_290,alternate_difference,address_raw,प्रखड -टनकुप्पाग्राम -देकहीथाना,प्रखड -टनकुप्पाग्राम -देकहीथाना -फतेहपुरपोस्ट,alternate_winners/GAYA/GAYA_GPM.pdf
gaya_mukhiya_291,spreadsheet_difference,age_raw,55,46,mukhiya_spreadsheets/Gaya.xls
gaya_mukhiya_291,spreadsheet_difference,annual_income_raw,100000,60000,mukhiya_spreadsheets/Gaya.xls
gaya_mukhiya_292,alternate_difference,gender_raw,महीला,महिला,alternate_winners/GAYA/GAYA_GPM.pdf
gaya_mukhiya_292,alternate_difference,phone_raw,1279553995558,"1279553,9955587",alternate_winners/GAYA/GAYA_GPM.pdf
gaya_mukhiya_292,alternate_difference,occupation_raw,7555कृषि,555कृषि,alternate_winners/GAYA/GAYA_GPM.pdf
gaya_mukhiya_293,alternate_difference,gender_raw,महीला,महिला,alternate_winners/GAYA/GAYA_GPM.pdf
gaya_mukhiya_294,alternate_difference,gender_raw,महीला,महिला,alternate_winners/GAYA/GAYA_GPM.pdf
gaya_mukhiya_294,alternate_difference,phone_raw,9200958954609,"9200958,9546099",alternate_winners/GAYA/GAYA_GPM.pdf
gaya_mukhiya_294,alternate_difference,occupation_raw,9834गृहणी,834गृहणी,alternate_winners/GAYA/GAYA_GPM.pdf
gaya_mukhiya_294,spreadsheet_difference,age_raw,28,32,mukhiya_spreadsheets/Gaya.xls
gaya_mukhiya_294,spreadsheet_difference,annual_income_raw,175000,50000,mukhiya_spreadsheets/Gaya.xls
gaya_mukhiya_295,alternate_difference,gender_raw,महीला,महिला,alternate_winners/GAYA/GAYA_GPM.pdf
gaya_mukhiya_296,alternate_difference,gender_raw,महीला,महिला,alternate_winners/GAYA/GAYA_GPM.pdf
gaya_mukhiya_296,spreadsheet_difference,age_raw,32,28,mukhiya_spreadsheets/Gaya.xls
gaya_mukhiya_296,spreadsheet_difference,annual_income_raw,150000,65000,mukhiya_spreadsheets/Gaya.xls
gaya_mukhiya_296,spreadsheet_difference,education_raw,साक्षर,नवम,mukhiya_spreadsheets/Gaya.xls
gaya_mukhiya_297,alternate_difference,gender_raw,महीला,महिला,alternate_winners/GAYA/GAYA_GPM.pdf
gaya_mukhiya_298,alternate_difference,address_raw,प्रखड -टिकारीग्राम -केसपाथाना,प्रखड -टिकारीग्राम -केसपाथाना -टिकारीपोस्ट,alternate_winners/GAYA/GAYA_GPM.pdf
gaya_mukhiya_300,alternate_difference,address_raw,प्रखड -टिकारीग्राम -मखदुमपुरथाना,प्रखड -टिकारीग्राम -मखदुमपुरथाना -उपलब्ध,alternate_winners/GAYA/GAYA_GPM.pdf
gaya_mukhiya_300,alternate_difference,gender_raw,महीला,महिला,alternate_winners/GAYA/GAYA_GPM.pdf
gaya_mukhiya_301,alternate_difference,address_raw,प्रखड -टिकारीग्राम -चैताथाना -उपलब्ध,प्रखड -टिकारीग्राम -चैताथाना -उपलब्ध नहीं,alternate_winners/GAYA/GAYA_GPM.pdf
gaya_mukhiya_302,alternate_difference,address_raw,प्रखड -टिकारीग्राम -जलालपुरथाना,प्रखड -टिकारीग्राम -जलालपुरथाना -उपलब्ध,alternate_winners/GAYA/GAYA_GPM.pdf
gaya_mukhiya_302,alternate_difference,gender_raw,महीला,महिला,alternate_winners/GAYA/GAYA_GPM.pdf
gaya_mukhiya_303,alternate_difference,address_raw,प्रखड -टिकारीग्राम -मऊथाना -उपलब्ध,प्रखड -टिकारीग्राम -मऊथाना -उपलब्ध नहीं,alternate_winners/GAYA/GAYA_GPM.pdf
gaya_mukhiya_303,alternate_difference,gender_raw,महीला,महिला,alternate_winners/GAYA/GAYA_GPM.pdf
gaya_mukhiya_304,alternate_difference,address_raw,प्रखड -टिकारीग्राम -खेईथाना -उपलब्ध,प्रखड -टिकारीग्राम -खेईथाना -उपलब्ध नहीं,alternate_winners/GAYA/GAYA_GPM.pdf
gaya_mukhiya_305,alternate_difference,address_raw,प्रखड -टिकारीग्राम -नोनी जलालपुरथाना,प्रखड -टिकारीग्राम -नोनी जलालपुरथाना -उपलब्ध,alternate_winners/GAYA/GAYA_GPM.pdf
gaya_mukhiya_305,alternate_difference,gender_raw,महीला,महिला,alternate_winners/GAYA/GAYA_GPM.pdf
gaya_mukhiya_306,alternate_difference,address_raw,प्रखड -टिकारीग्राम -भवनपुरथाना,प्रखड -टिकारीग्राम -भवनपुरथाना -उपलब्ध,alternate_winners/GAYA/GAYA_GPM.pdf
gaya_mukhiya_306,alternate_difference,gender_raw,महीला,महिला,alternate_winners/GAYA/GAYA_GPM.pdf
gaya_mukhiya_307,alternate_difference,address_raw,प्रखड -टिकारीग्राम -मुशीथाना -उपलब्ध,प्रखड -टिकारीग्राम -मुशीथाना -उपलब्ध नहीं,alternate_winners/GAYA/GAYA_GPM.pdf
gaya_mukhiya_308,alternate_difference,address_raw,प्रखड -टिकारीग्राम -भोरीथाना,प्रखड -टिकारीग्राम -भोरीथाना -टिकारीपोस्ट,alternate_winners/GAYA/GAYA_GPM.pdf
gaya_mukhiya_309,alternate_difference,address_raw,प्रखड -टिकारीग्राम -लावथाना,प्रखड -टिकारीग्राम -लावथाना -टिकारीपोस्ट,alternate_winners/GAYA/GAYA_GPM.pdf
gaya_mukhiya_309,alternate_difference,gender_raw,महीला,महिला,alternate_winners/GAYA/GAYA_GPM.pdf
gaya_mukhiya_310,spreadsheet_difference,panchayat_raw,आमा कुवाँ,आमाकंुआ,mukhiya_spreadsheets/Gaya.xls
gaya_mukhiya_310,spreadsheet_difference,age_raw,38,31,mukhiya_spreadsheets/Gaya.xls
gaya_mukhiya_310,spreadsheet_difference,annual_income_raw,55000,30000,mukhiya_spreadsheets/Gaya.xls
gaya_mukhiya_310,spreadsheet_difference,sons_raw,2,1,mukhiya_spreadsheets/Gaya.xls
gaya_mukhiya_310,spreadsheet_difference,daughters_raw,3,2,mukhiya_spreadsheets/Gaya.xls
gaya_mukhiya_310,spreadsheet_difference,education_raw,स्नातक,बी0ए0,mukhiya_spreadsheets/Gaya.xls
gaya_mukhiya_312,alternate_difference,address_raw,प्रखड -टिकारीग्राम -खैराथाना,प्रखड -टिकारीग्राम -खैराथाना -टिकारीपोस्ट,alternate_winners/GAYA/GAYA_GPM.pdf
gaya_mukhiya_312,alternate_difference,gender_raw,महीला,महिला,alternate_winners/GAYA/GAYA_GPM.pdf
gaya_mukhiya_313,alternate_difference,address_raw,प्रखड -टिकारीग्राम -चकमठथाना,प्रखड -टिकारीग्राम -चकमठथाना -टिकारीपोस्ट,alternate_winners/GAYA/GAYA_GPM.pdf
gaya_mukhiya_314,alternate_difference,address_raw,प्रखड -टिकारीग्राम -पलुहड़थाना,प्रखड -टिकारीग्राम -पलुहड़थाना -टिकारीपोस्ट,alternate_winners/GAYA/GAYA_GPM.pdf
gaya_mukhiya_315,alternate_difference,address_raw,प्रखड -टिकारीग्राम -मह्मन्नाथाना,प्रखड -टिकारीग्राम -मह्मन्नाथाना -टिकारीपोस्ट,alternate_winners/GAYA/GAYA_GPM.pdf
gaya_mukhiya_316,alternate_difference,gender_raw,महीला,महिला,alternate_winners/GAYA/GAYA_GPM.pdf
gaya_mukhiya_317,alternate_difference,address_raw,प्रखड -टिकारीग्राम -कसीमाथाना,प्रखड -टिकारीग्राम -कसीमाथाना -टिकारीपोस्ट,alternate_winners/GAYA/GAYA_GPM.pdf
gaya_mukhiya_317,alternate_difference,gender_raw,महीला,महिला,alternate_winners/GAYA/GAYA_GPM.pdf
gaya_mukhiya_318,alternate_difference,address_raw,प्रखड -टिकारीग्राम -बोयाथाना,प्रखड -टिकारीग्राम -बोयाथाना -टिकारीपोस्ट,alternate_winners/GAYA/GAYA_GPM.pdf
gaya_mukhiya_318,alternate_difference,gender_raw,महीला,महिला,alternate_winners/GAYA/GAYA_GPM.pdf
gaya_mukhiya_318,spreadsheet_difference,age_raw,31,27,mukhiya_spreadsheets/Gaya.xls
gaya_mukhiya_318,spreadsheet_difference,annual_income_raw,265668,75000,mukhiya_spreadsheets/Gaya.xls
gaya_mukhiya_318,spreadsheet_difference,education_raw,आई० ऐ० सि०,आई0एस0सी0,mukhiya_spreadsheets/Gaya.xls
gaya_mukhiya_322,alternate_difference,phone_raw,1833851947212,"1833851,9472123",alternate_winners/GAYA/GAYA_GPM.pdf
gaya_mukhiya_322,alternate_difference,occupation_raw,3800कृषी,800कृषी,alternate_winners/GAYA/GAYA_GPM.pdf
gaya_mukhiya_323,alternate_difference,gender_raw,महीला,महिला,alternate_winners/GAYA/GAYA_GPM.pdf
gaya_mukhiya_324,alternate_difference,gender_raw,महीला,महिला,alternate_winners/GAYA/GAYA_GPM.pdf
gaya_mukhiya_324,alternate_difference,category_raw,अ.ज.जा.9934,अ.ज.जा.993,alternate_winners/GAYA/GAYA_GPM.pdf
gaya_mukhiya_324,alternate_difference,phone_raw,606373 966149,"4606373, 9661494",alternate_winners/GAYA/GAYA_GPM.pdf
gaya_mukhiya_324,alternate_difference,occupation_raw,4615मजदूरी,615मजदूरी,alternate_winners/GAYA/GAYA_GPM.pdf
gaya_mukhiya_325,alternate_difference,gender_raw,महीला,महिला,alternate_winners/GAYA/GAYA_GPM.pdf
gaya_mukhiya_327,alternate_difference,gender_raw,महीला,महिला,alternate_winners/GAYA/GAYA_GPM.pdf
gaya_mukhiya_328,alternate_difference,gender_raw,महीला,महिला,alternate_winners/GAYA/GAYA_GPM.pdf
gaya_mukhiya_330,spreadsheet_difference,panchayat_raw,केनार पहाड़्पुर,केनार पहाड़पुर,mukhiya_spreadsheets/Gaya.xls
gaya_mukhiya_330,spreadsheet_difference,age_raw,32,27,mukhiya_spreadsheets/Gaya.xls
gaya_mukhiya_330,spreadsheet_difference,annual_income_raw,100000,130000,mukhiya_spreadsheets/Gaya.xls
gaya_mukhiya_334,alternate_difference,gender_raw,महीला,महिला,alternate_winners/GAYA/GAYA_GPM.pdf
gaya_mukhiya_334,alternate_difference,phone_raw,8387577011189,"83,8757701118,90",alternate_winners/GAYA/GAYA_GPM.pdf
gaya_mukhiya_334,alternate_difference,occupation_raw,006912755गृहणी (खेती),06912755गृहणी (खेती),alternate_winners/GAYA/GAYA_GPM.pdf
gaya_mukhiya_335,alternate_difference,address_raw,प्रखड -वजीरगंजग्राम -भूराथाना,प्रखड -वजीरगंजग्राम -भूराथाना -वजीरगंजपोस्ट,alternate_winners/GAYA/GAYA_GPM.pdf
gaya_mukhiya_335,alternate_difference,gender_raw,महीला,महिला,alternate_winners/GAYA/GAYA_GPM.pdf
gaya_mukhiya_336,alternate_difference,gender_raw,महीला,महिला,alternate_winners/GAYA/GAYA_GPM.pdf
gaya_mukhiya_337,spreadsheet_difference,panchayat_raw,पूरा,पुरा,mukhiya_spreadsheets/Gaya.xls
gaya_mukhiya_337,spreadsheet_difference,age_raw,52,58,mukhiya_spreadsheets/Gaya.xls
gaya_mukhiya_337,spreadsheet_difference,annual_income_raw,40000,90000,mukhiya_spreadsheets/Gaya.xls
gaya_mukhiya_337,spreadsheet_difference,daughters_raw,1,2,mukhiya_spreadsheets/Gaya.xls
gaya_xls_row_059,non_numeric,age,-,,mukhiya_spreadsheets/Gaya.xls
gaya_xls_row_244,non_numeric,annual_income,-,,mukhiya_spreadsheets/Gaya.xls
gaya_xls_row_245,non_numeric,annual_income,-,,mukhiya_spreadsheets/Gaya.xls
gaya_xls_row_248,non_numeric,annual_income,-,,mukhiya_spreadsheets/Gaya.xls
gaya_xls_row_250,non_numeric,annual_income,-,,mukhiya_spreadsheets/Gaya.xls
gaya_xls_row_251,non_numeric,annual_income,-,,mukhiya_spreadsheets/Gaya.xls
gaya_xls_row_254,non_numeric,annual_income,-,,mukhiya_spreadsheets/Gaya.xls
gaya_xls_row_256,non_numeric,annual_income,-,,mukhiya_spreadsheets/Gaya.xls
gaya_xls_row_330,non_numeric,age,-,,mukhiya_spreadsheets/Gaya.xls
gaya_xls_row_331,non_numeric,age,-,,mukhiya_spreadsheets/Gaya.xls
gaya_xls_row_332,non_numeric,age,-,,mukhiya_spreadsheets/Gaya.xls
gaya_xls_row_333,non_numeric,age,-,,mukhiya_spreadsheets/Gaya.xls
gaya_xls_row_335,non_numeric,age,-,,mukhiya_spreadsheets/Gaya.xls
gaya_xls_row_336,non_numeric,age,-,,mukhiya_spreadsheets/Gaya.xls
gaya_xls_row_337,non_numeric,age,-,,mukhiya_spreadsheets/Gaya.xls
gaya_xls_row_342,non_numeric,age,-,,mukhiya_spreadsheets/Gaya.xls
gaya_xls_row_343,non_numeric,age,-,,mukhiya_spreadsheets/Gaya.xls
gaya_xls_row_356,non_numeric,age,-,,mukhiya_spreadsheets/Gaya.xls
gaya_xls_row_358,non_numeric,age,-,,mukhiya_spreadsheets/Gaya.xls
