source_serial,block_raw,block,candidate_name,source_page,source_file,record_id,collection_year,election_year,year_basis,district,office,outcome,source_sha256,spreadsheet_row,spreadsheet_name,match_basis
5,Amas,आमस,मतिया देवी,1,runners/GAYA/GAYA_gpm.pdf,gaya_runner_005,2011,2011,Maintainer-confirmed 2011; prior-election columns refer to 2001/2006; historical 2011 collection,Gaya,mukhiya,runner_up,466dee40ce85a3faae20425223859cc50713e8af9ffa5efcaebbae219f6dff5d,260,मतिया देवी,name within block; seat not established
22,Banke Bajar,बांकेबाजार,सुमन कुमार सिंह,2,runners/GAYA/GAYA_gpm.pdf,gaya_runner_022,2011,2011,Maintainer-confirmed 2011; prior-election columns refer to 2001/2006; historical 2011 collection,Gaya,mukhiya,runner_up,466dee40ce85a3faae20425223859cc50713e8af9ffa5efcaebbae219f6dff5d,273,सुमन कुमार सिंह,name within block; seat not established
27,Banke Bajar,बांकेबाजार,उपेन्द्र प्रसाद,2,runners/GAYA/GAYA_gpm.pdf,gaya_runner_027,2011,2011,Maintainer-confirmed 2011; prior-election columns refer to 2001/2006; historical 2011 collection,Gaya,mukhiya,runner_up,466dee40ce85a3faae20425223859cc50713e8af9ffa5efcaebbae219f6dff5d,278,उपेन्द्र प्रसाद,name within block; seat not established
28,Barachatti,बाराचट्टी,सीता देवी,2,runners/GAYA/GAYA_gpm.pdf,gaya_runner_028,2011,2011,Maintainer-confirmed 2011; prior-election columns refer to 2001/2006; historical 2011 collection,Gaya,mukhiya,runner_up,466dee40ce85a3faae20425223859cc50713e8af9ffa5efcaebbae219f6dff5d,248,सीता देवी,name within block; seat not established
34,Barachatti,बाराचट्टी,लखन दास,2,runners/GAYA/GAYA_gpm.pdf,gaya_runner_034,2011,2011,Maintainer-confirmed 2011; prior-election columns refer to 2001/2006; historical 2011 collection,Gaya,mukhiya,runner_up,466dee40ce85a3faae20425223859cc50713e8af9ffa5efcaebbae219f6dff5d,250,लखन दास,name within block; seat not established
49,Belaganj,बेलागंज,संजय कुमार चन्द्रा,3,runners/GAYA/GAYA_gpm.pdf,gaya_runner_049,2011,2011,Maintainer-confirmed 2011; prior-election columns refer to 2001/2006; historical 2011 collection,Gaya,mukhiya,runner_up,466dee40ce85a3faae20425223859cc50713e8af9ffa5efcaebbae219f6dff5d,111,संजय कुमार चन्द्रा,name within block; seat not established
57,Belaganj,बेलागंज,ओम प्रकाश,3,runners/GAYA/GAYA_gpm.pdf,gaya_runner_057,2011,2011,Maintainer-confirmed 2011; prior-election columns refer to 2001/2006; historical 2011 collection,Gaya,mukhiya,runner_up,466dee40ce85a3faae20425223859cc50713e8af9ffa5efcaebbae219f6dff5d,120,ओम प्रकाश,name within block; seat not established
73,Bodhgaya,बोधगया,सोनिया देवी,4,runners/GAYA/GAYA_gpm.pdf,gaya_runner_073,2011,2011,Maintainer-confirmed 2011; prior-election columns refer to 2001/2006; historical 2011 collection,Gaya,mukhiya,runner_up,466dee40ce85a3faae20425223859cc50713e8af9ffa5efcaebbae219f6dff5d,48,श्रीमती सोनिया देवी,name within block; seat not established
91,Dumariya,डुमरिया,श्याम किशोर सिंह,5,runners/GAYA/GAYA_gpm.pdf,gaya_runner_091,2011,2011,Maintainer-confirmed 2011; prior-election columns refer to 2001/2006; historical 2011 collection,Gaya,mukhiya,runner_up,466dee40ce85a3faae20425223859cc50713e8af9ffa5efcaebbae219f6dff5d,337,श्याम किशोर सिंह,name within block; seat not established
101,Emamganj,इमामगंज,रामजी पासवान,5,runners/GAYA/GAYA_gpm.pdf,gaya_runner_101,2011,2011,Maintainer-confirmed 2011; prior-election columns refer to 2001/2006; historical 2011 collection,Gaya,mukhiya,runner_up,466dee40ce85a3faae20425223859cc50713e8af9ffa5efcaebbae219f6dff5d,346,रामजी पासवान,name within block; seat not established
118,FATEHPUR,फतेहपुर,जुबैदा खातुन,6,runners/GAYA/GAYA_gpm.pdf,gaya_runner_118,2011,2011,Maintainer-confirmed 2011; prior-election columns refer to 2001/2006; historical 2011 collection,Gaya,mukhiya,runner_up,466dee40ce85a3faae20425223859cc50713e8af9ffa5efcaebbae219f6dff5d,62,श्रीमती जुबैदा खातुन,name within block; seat not established
133,guraru,गुरारू,राजीव रंजन,7,runners/GAYA/GAYA_gpm.pdf,gaya_runner_133,2011,2011,Maintainer-confirmed 2011; prior-election columns refer to 2001/2006; historical 2011 collection,Gaya,mukhiya,runner_up,466dee40ce85a3faae20425223859cc50713e8af9ffa5efcaebbae219f6dff5d,139,राजीव रंजन,name within block; seat not established
135,guraru,गुरारू,शैलेश कुमार सिंह,7,runners/GAYA/GAYA_gpm.pdf,gaya_runner_135,2011,2011,Maintainer-confirmed 2011; prior-election columns refer to 2001/2006; historical 2011 collection,Gaya,mukhiya,runner_up,466dee40ce85a3faae20425223859cc50713e8af9ffa5efcaebbae219f6dff5d,141,शैलेश कुमार सिंह,name within block; seat not established
136,guraru,गुरारू,कृष्णा दास,7,runners/GAYA/GAYA_gpm.pdf,gaya_runner_136,2011,2011,Maintainer-confirmed 2011; prior-election columns refer to 2001/2006; historical 2011 collection,Gaya,mukhiya,runner_up,466dee40ce85a3faae20425223859cc50713e8af9ffa5efcaebbae219f6dff5d,142,कृष्णा दास,name within block; seat not established
151,GURUAA,गुरूआ,नरेश चौधरी,8,runners/GAYA/GAYA_gpm.pdf,gaya_runner_151,2011,2011,Maintainer-confirmed 2011; prior-election columns refer to 2001/2006; historical 2011 collection,Gaya,mukhiya,runner_up,466dee40ce85a3faae20425223859cc50713e8af9ffa5efcaebbae219f6dff5d,290,नरेश चौधरी,name within block; seat not established
178,KONCH,कोंच,बिरेन्द्र प्रसाद,9,runners/GAYA/GAYA_gpm.pdf,gaya_runner_178,2011,2011,Maintainer-confirmed 2011; prior-election columns refer to 2001/2006; historical 2011 collection,Gaya,mukhiya,runner_up,466dee40ce85a3faae20425223859cc50713e8af9ffa5efcaebbae219f6dff5d,153,बिरेन्द्र प्रसाद,name within block; seat not established
182,KONCH,कोंच,मीना देवी,9,runners/GAYA/GAYA_gpm.pdf,gaya_runner_182,2011,2011,Maintainer-confirmed 2011; prior-election columns refer to 2001/2006; historical 2011 collection,Gaya,mukhiya,runner_up,466dee40ce85a3faae20425223859cc50713e8af9ffa5efcaebbae219f6dff5d,154,श्रीमती मीना देवी,name within block; seat not established
182,KONCH,कोंच,मीना देवी,9,runners/GAYA/GAYA_gpm.pdf,gaya_runner_182,2011,2011,Maintainer-confirmed 2011; prior-election columns refer to 2001/2006; historical 2011 collection,Gaya,mukhiya,runner_up,466dee40ce85a3faae20425223859cc50713e8af9ffa5efcaebbae219f6dff5d,157,श्रीमती मीना देवी,name within block; seat not established
186,KONCH,कोंच,दिनेश्वर यादव,9,runners/GAYA/GAYA_gpm.pdf,gaya_runner_186,2011,2011,Maintainer-confirmed 2011; prior-election columns refer to 2001/2006; historical 2011 collection,Gaya,mukhiya,runner_up,466dee40ce85a3faae20425223859cc50713e8af9ffa5efcaebbae219f6dff5d,161,श्री दिनेश्वर यादव,name within block; seat not established
195,MANPUR,मानपुर,केशर मांझी,10,runners/GAYA/GAYA_gpm.pdf,gaya_runner_195,2011,2011,Maintainer-confirmed 2011; prior-election columns refer to 2001/2006; historical 2011 collection,Gaya,mukhiya,runner_up,466dee40ce85a3faae20425223859cc50713e8af9ffa5efcaebbae219f6dff5d,27,केशर मांझी,name within block; seat not established
199,MANPUR,मानपुर,मनती देवी,10,runners/GAYA/GAYA_gpm.pdf,gaya_runner_199,2011,2011,Maintainer-confirmed 2011; prior-election columns refer to 2001/2006; historical 2011 collection,Gaya,mukhiya,runner_up,466dee40ce85a3faae20425223859cc50713e8af9ffa5efcaebbae219f6dff5d,31,मनती देवी,name within block; seat not established
201,MANPUR,मानपुर,नरेन्द्र सिंह,10,runners/GAYA/GAYA_gpm.pdf,gaya_runner_201,2011,2011,Maintainer-confirmed 2011; prior-election columns refer to 2001/2006; historical 2011 collection,Gaya,mukhiya,runner_up,466dee40ce85a3faae20425223859cc50713e8af9ffa5efcaebbae219f6dff5d,26,नरेन्द्र सिंह,name within block; seat not established
201,MANPUR,मानपुर,नरेन्द्र सिंह,10,runners/GAYA/GAYA_gpm.pdf,gaya_runner_201,2011,2011,Maintainer-confirmed 2011; prior-election columns refer to 2001/2006; historical 2011 collection,Gaya,mukhiya,runner_up,466dee40ce85a3faae20425223859cc50713e8af9ffa5efcaebbae219f6dff5d,33,नरेन्द्र सिंह,name within block; seat not established
204,mohanpur,मोहनपुर,श्री केदार चौधरी,10,runners/GAYA/GAYA_gpm.pdf,gaya_runner_204,2011,2011,Maintainer-confirmed 2011; prior-election columns refer to 2001/2006; historical 2011 collection,Gaya,mukhiya,runner_up,466dee40ce85a3faae20425223859cc50713e8af9ffa5efcaebbae219f6dff5d,299,केदार चौधरी,name within block; seat not established
210,mohanpur,मोहनपुर,तारा देवी,10,runners/GAYA/GAYA_gpm.pdf,gaya_runner_210,2011,2011,Maintainer-confirmed 2011; prior-election columns refer to 2001/2006; historical 2011 collection,Gaya,mukhiya,runner_up,466dee40ce85a3faae20425223859cc50713e8af9ffa5efcaebbae219f6dff5d,305,तारा देवी,name within block; seat not established
221,MOHARAA,मोहड़ा,राजकुमार मांझी,11,runners/GAYA/GAYA_gpm.pdf,gaya_runner_221,2011,2011,Maintainer-confirmed 2011; prior-election columns refer to 2001/2006; historical 2011 collection,Gaya,mukhiya,runner_up,466dee40ce85a3faae20425223859cc50713e8af9ffa5efcaebbae219f6dff5d,209,राजकुमार मांझी,name within block; seat not established
222,MOHARAA,मोहड़ा,विनोद यादव,11,runners/GAYA/GAYA_gpm.pdf,gaya_runner_222,2011,2011,Maintainer-confirmed 2011; prior-election columns refer to 2001/2006; historical 2011 collection,Gaya,mukhiya,runner_up,466dee40ce85a3faae20425223859cc50713e8af9ffa5efcaebbae219f6dff5d,210,विनोद यादव,name within block; seat not established
263,Nimchak Bathani,नीमचक बथानी,मंजू देवी,13,runners/GAYA/GAYA_gpm.pdf,gaya_runner_263,2011,2011,Maintainer-confirmed 2011; prior-election columns refer to 2001/2006; historical 2011 collection,Gaya,mukhiya,runner_up,466dee40ce85a3faae20425223859cc50713e8af9ffa5efcaebbae219f6dff5d,191,श्रीमती मंजू देवी,name within block; seat not established
270,Paraiya,परैया,रमेश दास,13,runners/GAYA/GAYA_gpm.pdf,gaya_runner_270,2011,2011,Maintainer-confirmed 2011; prior-election columns refer to 2001/2006; historical 2011 collection,Gaya,mukhiya,runner_up,466dee40ce85a3faae20425223859cc50713e8af9ffa5efcaebbae219f6dff5d,128,रमेश दास,name within block; seat not established
277,Paraiya,परैया,बेबी रानी,13,runners/GAYA/GAYA_gpm.pdf,gaya_runner_277,2011,2011,Maintainer-confirmed 2011; prior-election columns refer to 2001/2006; historical 2011 collection,Gaya,mukhiya,runner_up,466dee40ce85a3faae20425223859cc50713e8af9ffa5efcaebbae219f6dff5d,132,बेबी रानी,name within block; seat not established
284,Sherghati,शेरघाटी,विनय कुमार सिन्हा,14,runners/GAYA/GAYA_gpm.pdf,gaya_runner_284,2011,2011,Maintainer-confirmed 2011; prior-election columns refer to 2001/2006; historical 2011 collection,Gaya,mukhiya,runner_up,466dee40ce85a3faae20425223859cc50713e8af9ffa5efcaebbae219f6dff5d,239,विनय कुमार सिन्हा,name within block; seat not established
286,Sherghati,शेरघाटी,रामलखन मांझी,14,runners/GAYA/GAYA_gpm.pdf,gaya_runner_286,2011,2011,Maintainer-confirmed 2011; prior-election columns refer to 2001/2006; historical 2011 collection,Gaya,mukhiya,runner_up,466dee40ce85a3faae20425223859cc50713e8af9ffa5efcaebbae219f6dff5d,242,रामलखन मांझी,name within block; seat not established
287,Tankuppa,टनकुप्पा,मीना देवी,14,runners/GAYA/GAYA_gpm.pdf,gaya_runner_287,2011,2011,Maintainer-confirmed 2011; prior-election columns refer to 2001/2006; historical 2011 collection,Gaya,mukhiya,runner_up,466dee40ce85a3faae20425223859cc50713e8af9ffa5efcaebbae219f6dff5d,73,श्रीमती मीना देवी,name within block; seat not established
297,Tikari,टिकारी,किरण कुमारी,14,runners/GAYA/GAYA_gpm.pdf,gaya_runner_297,2011,2011,Maintainer-confirmed 2011; prior-election columns refer to 2001/2006; historical 2011 collection,Gaya,mukhiya,runner_up,466dee40ce85a3faae20425223859cc50713e8af9ffa5efcaebbae219f6dff5d,166,किरण कुमारी,name within block; seat not established
301,Tikari,टिकारी,राधेश्याम सिंह,15,runners/GAYA/GAYA_gpm.pdf,gaya_runner_301,2011,2011,Maintainer-confirmed 2011; prior-election columns refer to 2001/2006; historical 2011 collection,Gaya,mukhiya,runner_up,466dee40ce85a3faae20425223859cc50713e8af9ffa5efcaebbae219f6dff5d,170,राधेश्याम सिंह,name within block; seat not established
305,Tikari,टिकारी,सुलेखा देवी,15,runners/GAYA/GAYA_gpm.pdf,gaya_runner_305,2011,2011,Maintainer-confirmed 2011; prior-election columns refer to 2001/2006; historical 2011 collection,Gaya,mukhiya,runner_up,466dee40ce85a3faae20425223859cc50713e8af9ffa5efcaebbae219f6dff5d,174,सुलेखा देवी,name within block; seat not established
308,Tikari,टिकारी,जगरनाथ शर्मा,15,runners/GAYA/GAYA_gpm.pdf,gaya_runner_308,2011,2011,Maintainer-confirmed 2011; prior-election columns refer to 2001/2006; historical 2011 collection,Gaya,mukhiya,runner_up,466dee40ce85a3faae20425223859cc50713e8af9ffa5efcaebbae219f6dff5d,177,जगरनाथ शर्मा,name within block; seat not established
309,Tikari,टिकारी,शैल कुमारी,15,runners/GAYA/GAYA_gpm.pdf,gaya_runner_309,2011,2011,Maintainer-confirmed 2011; prior-election columns refer to 2001/2006; historical 2011 collection,Gaya,mukhiya,runner_up,466dee40ce85a3faae20425223859cc50713e8af9ffa5efcaebbae219f6dff5d,178,शैल कुमारी,name within block; seat not established
322,Wazirganj,वजीरगंज,सरस्वती देवी,16,runners/GAYA/GAYA_gpm.pdf,gaya_runner_322,2011,2011,Maintainer-confirmed 2011; prior-election columns refer to 2001/2006; historical 2011 collection,Gaya,mukhiya,runner_up,466dee40ce85a3faae20425223859cc50713e8af9ffa5efcaebbae219f6dff5d,91,सरस्वती देवी,name within block; seat not established
335,Wazirganj,वजीरगंज,विमला देवी,16,runners/GAYA/GAYA_gpm.pdf,gaya_runner_335,2011,2011,Maintainer-confirmed 2011; prior-election columns refer to 2001/2006; historical 2011 collection,Gaya,mukhiya,runner_up,466dee40ce85a3faae20425223859cc50713e8af9ffa5efcaebbae219f6dff5d,97,विमला देवी,name within block; seat not established
