path,year,role,files,bytes,archive_bytes,availability
data/2006/raw/central_handoff,2006,raw,32,21511680,0,local; distribution decision pending
data/2011/raw/central_handoff,2011,raw,291,56367393,0,local; distribution decision pending
data/2016/interim/zenodo_export,2016,interim,4,11951,0,Zenodo 22852474 publication metadata; payload copies pruned
data/2016/raw/legacy,2016,raw,6,187705654,0,local; distribution decision pending
data/2016/raw/statewide,2016,raw,3127,2750412376,0,local; distribution decision pending
data/2021/interim/affidavits,2021,interim,1236,165726539,0,local; distribution decision pending
data/2021/interim/archive,2021,interim,1,866,0,local; distribution decision pending
data/2021/interim/check.log,2021,interim,1,1628,0,local; distribution decision pending
data/2021/interim/download.log,2021,interim,1,11968,0,local; distribution decision pending
data/2021/interim/download_status.json,2021,interim,1,222,0,local; distribution decision pending
data/2021/interim/download_status.parquet,2021,interim,1,214136,0,local; distribution decision pending
data/2021/interim/parsed,2021,interim,3,9222710,0,local; distribution decision pending
data/2021/interim/pipeline_status.json,2021,interim,1,1884,0,local; distribution decision pending
data/2021/interim/release.log,2021,interim,1,1157,0,local; distribution decision pending
data/2021/interim/structured_source_search.json,2021,interim,1,2426,0,local; distribution decision pending
data/2021/interim/throughput.json,2021,interim,1,368,0,local; distribution decision pending
data/2021/interim/throughput.log,2021,interim,1,304,0,local; distribution decision pending
data/2021/interim/vision_validation,2021,interim,3,60413,0,local; distribution decision pending
data/2021/raw/affidavits,2021,raw,2721,3253987223,0,local; distribution decision pending
data/2021/raw/mukhiya_archive,2021,raw,3,9743159,0,local; distribution decision pending
data/2021/raw/portal_snapshot_2026,2021,raw,1304,3230547,0,local; distribution decision pending
data/2021/raw/report,2021,raw,2,64594,0,local; distribution decision pending
data/2021/raw/reservation_check,2021,raw,5,103611,0,local; distribution decision pending
data/2021/raw/source_search,2021,raw,7,11400660,0,local; distribution decision pending
data/2021/raw/statewide,2021,raw,629456,797094980,0,local; distribution decision pending
data/undated/raw/central_handoff,undated,raw,72,40356352,0,local; distribution decision pending
