collection,election_year,event,office,coverage_basis,seat_frame_rows,ambiguous_seat_rows,seats_with_candidates,seats_with_winners,seats_with_election_reservation_label,seats_with_snapshot_reservation_label,candidate_records,candidate_records_with_votes,winner_records,winners_source_flagged,winners_derived,winner_claim_records,runner_name_records,records_with_reservation_label,cross_general_election_link_status
2016,2016,2016_general,ward_member,seat_frame,114583,22,98090,97505,103469,,277148,265161,97515,0,97515,,,,not_established
2016,2016,2016_general,panch,seat_frame,114583,22,93331,85690,95465,,136021,78159,85692,0,85692,,,,not_established
2016,2016,2016_general,mukhiya,seat_frame,8402,2,7995,7941,8133,,96257,96216,7942,0,7942,,,,not_established
2016,2016,2016_general,sarpanch,seat_frame,8402,2,7914,7880,8139,,45054,45022,7881,0,7881,,,,not_established
2016,2016,2016_general,panchayat_samiti_member,seat_frame,11142,0,10839,10793,11142,,80259,80233,10793,0,10793,,,,not_established
2016,2016,2016_general,zila_parishad_member,seat_frame,983,0,895,894,983,,10126,10123,894,0,894,,,,not_established
2021_term,2021,2021_general,ward_member,seat_frame,109641,0,109583,109510,,109641,505438,503764,109510,108240,1270,,,,not_established
2021_term,2021,2021_general,panch,seat_frame,109641,0,106839,106656,,109641,216429,184564,106656,75236,31420,,,,not_established
2021_term,2021,2021_general,mukhiya,seat_frame,8067,0,8062,8050,,8067,66430,66310,8050,8050,0,,,,not_established
2021_term,2021,2021_general,sarpanch,seat_frame,8067,0,8056,8044,,8067,49698,49611,8044,8044,0,,,,not_established
2021_term,2021,2021_general,panchayat_samiti_member,seat_frame,11095,0,11075,11065,,11095,73778,73705,11065,11065,0,,,,not_established
2021_term,2021,2021_general,zila_parishad_member,seat_frame,1160,0,1158,1150,,1160,12935,12846,1150,1150,0,,,,not_established
2021_term,2023,2023_1_byelection,ward_member,seat_frame,533,0,533,533,,533,1092,875,533,316,217,,,,not_established
2021_term,2023,2023_1_byelection,panch,seat_frame,2002,0,2002,2002,,2002,2158,297,2002,141,1861,,,,not_established
2021_term,2023,2023_1_byelection,mukhiya,seat_frame,48,0,48,48,,48,273,273,48,48,0,,,,not_established
2021_term,2023,2023_1_byelection,sarpanch,seat_frame,54,0,54,54,,54,275,273,54,52,2,,,,not_established
2021_term,2023,2023_1_byelection,panchayat_samiti_member,seat_frame,44,0,44,44,,44,180,177,44,41,3,,,,not_established
2021_term,2023,2023_1_byelection,zila_parishad_member,seat_frame,7,0,7,7,,7,66,66,7,7,0,,,,not_established
2021_term,2023,2023_2_byelection,ward_member,seat_frame,321,0,321,321,,321,530,355,321,146,175,,,,not_established
2021_term,2023,2023_2_byelection,panch,seat_frame,788,0,788,788,,788,825,67,788,30,758,,,,not_established
2021_term,2023,2023_2_byelection,mukhiya,seat_frame,20,0,20,20,,20,112,112,20,20,0,,,,not_established
2021_term,2023,2023_2_byelection,sarpanch,seat_frame,34,0,34,34,,34,126,122,34,30,4,,,,not_established
2021_term,2023,2023_2_byelection,panchayat_samiti_member,seat_frame,20,0,20,20,,20,61,54,20,13,7,,,,not_established
2021_term,2023,2023_2_byelection,zila_parishad_member,seat_frame,4,0,4,4,,4,27,26,4,3,1,,,,not_established
2021_term,2025,2025_1_byelection,ward_member,seat_frame,733,0,733,733,,733,959,400,733,174,559,,,,not_established
2021_term,2025,2025_1_byelection,panch,seat_frame,915,0,915,915,,915,955,76,915,36,879,,,,not_established
2021_term,2025,2025_1_byelection,mukhiya,seat_frame,63,0,63,63,,63,290,288,63,61,2,,,,not_established
2021_term,2025,2025_1_byelection,sarpanch,seat_frame,83,0,83,83,,83,282,269,83,70,13,,,,not_established
2021_term,2025,2025_1_byelection,panchayat_samiti_member,seat_frame,72,0,72,72,,72,204,188,72,56,16,,,,not_established
2021_term,2025,2025_1_byelection,zila_parishad_member,seat_frame,8,0,8,8,,8,34,32,8,6,2,,,,not_established
gaya_mukhiya_spreadsheet_winner_records,2011,2011_general_source_claim,mukhiya,winner_list,,,,,,,,,,,,331,,,not_established
mukhiya_reports_winner_records,2011,2011_general_source_claim,mukhiya,winner_list,,,,,,,,,,,,4320,,4318,not_established
gaya_mukhiya_runner_name_records,2011,2011_general_source_claim,mukhiya,runner_name_list,,,,,,,,,,,,,338,,not_established
khajuria_judgment,2011,2011_general_judgment_transcription,mukhiya,single_contest_judgment,,,,,,,11,11,1,,,,,,not_established
