file,bytes,zenodo_md5,local_sha256,canonical_path
CHECKSUMS,247,df667ce557c742137b882cf8b58aa6dd,a83664f44143d97e5a76affb24b0d227308a90059ff35e676e85f998c7eef9f9,data/2016/interim/zenodo_export/CHECKSUMS
MANIFEST.json,2815,96e9e0c3e46ba550eff80ff9f0824359,2ff0bf19c5c6ed1f161458331bc465d4f1b87294aad55d9ea892778322daef83,data/2016/interim/zenodo_export/MANIFEST.json
README_DATA.md,3740,08ba0fabe2cfb1c439975de604eeab75,65523c9ab67e0990121fcb56dee810af235da2d1f4ba70ce9c0297af1e556561,data/2016/interim/zenodo_export/README_DATA.md
SCHEMA.json,1663,4660d431274ec4d19b6aa9b8711d563b,858777bb2c93321ba7393ac1955f22fe25878e6408e7dbf8de904190d30f073a,data/2016/interim/zenodo_export/SCHEMA.json
SHA256SUMS,4464,9910ee5b8920c27a72c4d2d0c579f52c,0e454823909d42bd14b291aa551c23411990ca38e9099231b7a2511025bbe20f,data/2016/interim/zenodo_export/SHA256SUMS
audit.json,87577,151598dc36cee5619dcdb6e3c3a91874,68e3d19e86ff0cf0c0cd78f52fca6c57845c1b39a2fea610a5573b65d7149fd8,data/2016/interim/zenodo_export/audit.json
bihar_2016_frame_pages.tar,157815296,460a3a9573733471c1328b606f357d7d,edc4d6390b2e44ab5f32e8595173c0e4657ef8bbdb99e6f658f39db5e059017a,data/2016/interim/zenodo_export/bihar_2016_frame_pages.tar
bihar_2016_reservation_rosters.tar,84259328,1d571a4de92473c2f5d0d1f5ee1d3ccf,99353beefa0d1c72911a6627fc14980872d9c4d1f5950fbd689b1055c4e884d8,data/2016/interim/zenodo_export/bihar_2016_reservation_rosters.tar
candidates.parquet,28340122,2d00e1d9e819e4c8ccaa72cd9c0912ce,0b73373fce5b29292c61399b3308d44b95f850f17127f5c2e6bfef3e162f65ca,data/2016/interim/zenodo_export/candidates.parquet
dictionary.csv,6994,b8a2323122958d126e4807fd87985eaa,18fda660be6bd73723749f2693c36922a8eb32d794962fa309c400e05a297144,data/2016/interim/zenodo_export/dictionary.csv
rp.aa,52428800,058c5593798740d7af5cf46cea68d7ef,3984259b21f98f910bcf446239d003f1e06a357bb9512db619196fa4cb5cc315,data/2016/interim/zenodo_export/rp.aa
rp.ab,52428800,7cf0b14f58ccd189f68571f763c4eac1,11c1ddfb4f1478b85da9cecb09f007840844dff3cbf5ab17e37f747d9cd9a9ba,data/2016/interim/zenodo_export/rp.ab
rp.ac,52428800,fe4fa8df0e0b1ee1c3663074c063a4fb,b0a42dffbfbda8c31d99e3f18c9bc126e6f8f51730ba6233de876f463f31864e,data/2016/interim/zenodo_export/rp.ac
rp.ad,52428800,11f2022a7d2685a5fdf9af7009f49425,068716aa843aaea6c33ec01f5ddc67969e05a02e395929b417bb1905f7e62f0e,data/2016/interim/zenodo_export/rp.ad
rp.ae,52428800,25258bdb072db27d637fcac25d65c562,5f4cabb6ebf39cbcb45129a80c18b87e2494e88b549e381120f29bf8df68cd78,data/2016/interim/zenodo_export/rp.ae
rp.af,52428800,afe2ff83914bf83f8aecd1a65f31b569,92e03b6bda92e1abb0b34e283ecb40ad723a80ec084686c7902e7fa072a12352,data/2016/interim/zenodo_export/rp.af
rp.ag,52428800,4d13918ecaff3a2a061670b6034cfc5a,61464e789a34cc7e52eca40e7160c30676b409d4c4ca1f82bc101858dafcca00,data/2016/interim/zenodo_export/rp.ag
rp.ah,52428800,794296eabe1ff58439c9416ca9e23515,dd93d21236a8d99aa47bdf1194afe818353e68e04c80cf75093d311226a20c17,data/2016/interim/zenodo_export/rp.ah
rp.ai,52428800,6e89c6630e64681b525c71311a02cc36,2f70fc5af571aa1fa2a464d04ff428d91e43a05b64c89998ac187ce11f0e2ede,data/2016/interim/zenodo_export/rp.ai
rp.aj,52428800,f3494fbfbf13836c25b2c7d969e2e506,8b856e1274bce1a15aa2ac35212f14ad56e51807346bc879098ab3f09bcdb43c,data/2016/interim/zenodo_export/rp.aj
rp.ak,52428800,29fdbf06fbe0b0f32f0fe323e80b6b20,16801c100632bb7b016abdeb9d037c303ed5d5cc6505a23d6f8c13885e2b73c3,data/2016/interim/zenodo_export/rp.ak
rp.al,52428800,a0e99add7d9a3fd82b6ff2f76ccdc8ef,e1e5675158d94b125ba2ea5bcd7c126e4e52d199124f53770dc662f477e741c7,data/2016/interim/zenodo_export/rp.al
rp.am,52428800,e31c9946069c856992fe569536bb1960,4ea5cb6b2808beb652445d7f5fc0d94de1b11b611cc548c95c4882881ede3dd7,data/2016/interim/zenodo_export/rp.am
rp.an,52428800,0d1658298face9f936acf42b58ba3047,919bbb5dd1ca2736f1f5f5df1008b4106e429a62c1f9f6ff7a59dbded0101301,data/2016/interim/zenodo_export/rp.an
rp.ao,52428800,bc65dc56288364a3616613b88bb0853c,a503ffffe2101e2a304e0e4695e3b416d71c0ece87d16eebf077ab2b273b9d1d,data/2016/interim/zenodo_export/rp.ao
rp.ap,52428800,50dfcb6c9a38afecb5a6cd874e3a360c,958aae2c13cb4438c40db3755fff3e20902c6b7ceb401917c76badc2ccb7362c,data/2016/interim/zenodo_export/rp.ap
rp.aq,52428800,fc765df0ee29616e1ea81a4302ca5d77,ba83cf74097d8f335a5dcc24d752e5d82635c9f3d5cd66e19ef5dd0f1dc110cf,data/2016/interim/zenodo_export/rp.aq
rp.ar,52428800,360e0c77dd22eab33386ee5d97d1f6f4,9ac416372122086442476f9872ebe4b962d8dec7b069d4bddb1c599ddb937fb8,data/2016/interim/zenodo_export/rp.ar
rp.as,52428800,4df33b610c9aa50b20c8dc4fe4d0a9cd,1f41eec19c0d4962dc7bf9e262d5cdd5ebddcdb6fc69eb8f16845cdca0a6bf7d,data/2016/interim/zenodo_export/rp.as
rp.at,52428800,7a2c7bc2f18bae34cb683e87c0f9c061,9076366cd6894182b439db1c996d2caab6c637e60bd12f9d66aed976a9620bbb,data/2016/interim/zenodo_export/rp.at
rp.au,52428800,b53e128eb4b90f362b3df6ed1ef7ff7a,dd790b3ed9e1b344e4f2fe59ca9fd0ab8ed88c1c1a99bf5ff87416aa92ff90ef,data/2016/interim/zenodo_export/rp.au
rp.av,52428800,51974eaba8c886282719a3f3426df11c,2e26a846d0c231d0c1a3c6c95fe749b073a4b2dcc979dd182b36f8b6fac9ad96,data/2016/interim/zenodo_export/rp.av
rp.aw,52428800,27f14cf93d50991db712dae2a3f4577e,941c57cc8d124f84380bc8ffbd2e51360b95ba65f893f74ab77656bfa2cf47c8,data/2016/interim/zenodo_export/rp.aw
rp.ax,52428800,63bd109e23d3b4555c491b59cd125102,47e65c2d9e1543633ad726e340144fadbb9e9964dc36d4dfedcce4fcc14bbd4a,data/2016/interim/zenodo_export/rp.ax
rp.ay,52428800,b3050eb5b1fb7a6bca8d7a9d376f164f,faef920f6f4e1d0987e696ef03bc4a4ec908d5a0222e465c1cbd74ec96b282fc,data/2016/interim/zenodo_export/rp.ay
rp.az,52428800,553ac61cae1298e2aac22d760897e482,f1c3ea6535a77653b748b531f058e2d578d208f88f9a905654871792e7fe4425,data/2016/interim/zenodo_export/rp.az
rp.ba,52428800,6a32381ca6aef6e806c3df7832a0d6e5,15aeadfc2a12e8ae17c714a16ee0328b9e66a53757a5fa3e43118a2ebbc07376,data/2016/interim/zenodo_export/rp.ba
rp.bb,52428800,78988cf2d5ec1fd245401560a9f68075,5cb9e02b203d6e0feab51e86d2c0e2d7c326899af012eb83ed3fdf20e828c0e6,data/2016/interim/zenodo_export/rp.bb
rp.bc,52428800,97a18494c69accf1c00d04a8f6be0259,7f11dc4f0b661d61b2749f7d3e9b846506722b660bf99156f409b4caad6b2b4b,data/2016/interim/zenodo_export/rp.bc
rp.bd,52428800,3f15e5ed5242fac0d67fef87e389a367,46ae19b908cbacc9c8b71cae1e660734673e28da61ba0741ae33c1f216db5a3e,data/2016/interim/zenodo_export/rp.bd
rp.be,52428800,a6e18b51c40676c5980ff1aed1b40403,dcdeba746529178b0237c4aef180a9313aa7cdd7bb64755d3c7a41e17d0f55c0,data/2016/interim/zenodo_export/rp.be
rp.bf,52428800,a8312bd406d12718f653dc0d455c9011,5b1382e54852ccdce703c9c85cf0098330f5c1b2ef000da4d0624e91d3a3b4e9,data/2016/interim/zenodo_export/rp.bf
rp.bg,52428800,04afb42999c2589beefdeeb093a4fc61,1c005f5aa323bb1015832b000efe0af59b9b8d737236dd92839052d0fbe0999c,data/2016/interim/zenodo_export/rp.bg
rp.bh,52428800,dbe8ea9609d2576ec3171678071e45c9,4aca16ae20772156d25d4bbc0f5c7feefd0276ed6b2cfe39d223ba38a3a4b405,data/2016/interim/zenodo_export/rp.bh
rp.bi,52428800,abccc8d30bf34a0a2d1fea98c1d45604,af3eaa8051f42061322ae7a310932c6ff3f6ecf042cfe2b64ceb589ad8515738,data/2016/interim/zenodo_export/rp.bi
rp.bj,52428800,b7843b135ed94a7189902df5e1f4eb25,96dc2280937cf97a2b5b15eaee48b6c66cfbc1d05e7149a2331de659c9fe76a0,data/2016/interim/zenodo_export/rp.bj
rp.bk,52428800,11c3d918cf5628ca6e1b7dcbf3228eec,7405da7931a4c1f1185dcc9541baf58fba1e99d216aa9c4e6151316d36c5e007,data/2016/interim/zenodo_export/rp.bk
rp.bl,52428800,7a88a6c9607e2ee77b27195072d7103a,bb93ad23926727ae97861d5f195faa0ce076a7a8df14fc0eaba8ccfb2c076c0f,data/2016/interim/zenodo_export/rp.bl
rp.bm,52428800,aadbf46142e32b7d30b83e7311ea72dc,dac4a15838273c526261e6f8a00d9f04d742d45e9620a5f316d13d9b7eb899fd,data/2016/interim/zenodo_export/rp.bm
rp.bn,52428800,7179b1c44b512a2abfcb0b78eaf5b9df,331a9619acb09ac1350a5e0d6b6fc7a706eb4bef4fb257b50d2cf9d7f362d221,data/2016/interim/zenodo_export/rp.bn
rp.bo,52428800,5a3d00c68ebb14f558eef0b63529480d,5d6cf1034a0db7c9c026fda4465ce55127cfcea02acb11dfa7720c69ec9c7151,data/2016/interim/zenodo_export/rp.bo
rp.bp,52428800,ba36606e159c0d1ee2063e768d376dc6,6fc57c897e4e065fbb5a8de2e61e8395fd254104d21447e32d31d5450e2b693d,data/2016/interim/zenodo_export/rp.bp
rp.bq,52428800,2b08a79bbe4f1596362bf1ed676c842f,4157c81aafa8d5185281b613793c845bf76b4055578e7cbd7231d736c8821d84,data/2016/interim/zenodo_export/rp.bq
rp.br,52428800,a6ccd146e70df2722901f1de82752aa6,91c2461f699e356ce20c2dace442b7ae918d3c6bcb9420d1eb13edf4d5567434,data/2016/interim/zenodo_export/rp.br
rp.bs,52428800,d0062de5d83be95802c3bb12c4a9f191,6a5bfa89e62a0b5ef152caefdc580f08a2d2270bb169f6cb7df5016ab8f14e69,data/2016/interim/zenodo_export/rp.bs
rp.bt,52428800,9a94df61f2287adc7ccfbd965f1a6be8,c1176d29662c076659ff40f31de8c38078c7a83bd5e1f376decd95145a2b4b97,data/2016/interim/zenodo_export/rp.bt
rp.bu,52428800,38a5768ffba5b898f1e5e799b1312fe3,dea06a969772e9f8a6e0e4c579b73067025842ac0c270e0814fc38567e92c0f4,data/2016/interim/zenodo_export/rp.bu
rp.bv,46805504,94653828c66d49f6b4716e548cfa6c4b,92f064bb4e58f1e7185c22888d855387b3bf39446e9e1ed4e65318822fe5693c,data/2016/interim/zenodo_export/rp.bv
seats.parquet,3973197,960dc26e33e690614b4d7aa8c671aded,5f234dad9afc7603e37aa34401ff4210fee31e6448cb8f94d79737a667d1761c,data/2016/interim/zenodo_export/seats.parquet
winners.parquet,2002665,13c0a41a9c6c42d587f1142c3dc57bbc,1f1712f0a91370cb3db6a4b891d419a60cd81a4a7dbc00c57ea04e4fc14aeb13,data/2016/interim/zenodo_export/winners.parquet
