district_id,block_id,panchayat_id,candidate_serial,document_id,year,post_id,candidate_name,result_name,name_matches,candidate_gender,candidate_age,affidavit_url,candidate_source_url,result_source_url,page,education_raw,education_category,graduate_plus,illiterate,prior_elected,reservation_raw,quota_document,review_status,notes,additional_pages,page_kind,review_method,document_sha256,document_fetched_at,source_page_url,page_artifact,locator_selected_review_page
33,1,330010010,6,33_1_330010010_6,2021,3,राजेश सिंह, राजेश सिंह (विजेता),True,पुरुष ,47,https://sec2021.bihar.gov.in/ForPublicPDF_P/Documents1n2/NominationDoc/20210913143841096.pdf,https://sec25.bihar.gov.in/sec_new/Panchayat/ContestingCandidates?handler=GetContestingCandidates&postId=3&districtId=33&blockId=1&panchayatId=330010010&ward=&psn=-1&jpn=-1&phase=2021_1,https://sec25.bihar.gov.in/sec_new/Panchayat/Result?handler=GetResult&postId=3&districtId=33&blockId=1&panchayatId=330010010&ward=&psn=-1&jpn=-1&phase=2021_1,12,इंटर,intermediate,0,0,1,अतिपिछड़ा वर्ग,,visually_checked,Hindi and English candidate biographies agree on intermediate; reservation sex unspecified,14,candidate_biography,Codex visual transcription; no second reviewer,1fa6b0b313750ac99cba29531cbfe043cedc40de4f3a566095a7036b80241fea,2026-09-11T02:56:20.791076+00:00,https://sec2021.bihar.gov.in/ForPublicPDF_P/Documents1n2/NominationDoc/20210913143841096.pdf#page=12,education_pages/33_1_330010010_6_p12.png,True
33,1,330010011,4,33_1_330010011_4,2021,3,रजन्ती देवी, रजन्ती देवी (विजेता),True,महिला,27,https://sec2021.bihar.gov.in/ForPublicPDF_P/Documents1n2/NominationDoc/20210909141417391.pdf,https://sec25.bihar.gov.in/sec_new/Panchayat/ContestingCandidates?handler=GetContestingCandidates&postId=3&districtId=33&blockId=1&panchayatId=330010011&ward=&psn=-1&jpn=-1&phase=2021_1,https://sec25.bihar.gov.in/sec_new/Panchayat/Result?handler=GetResult&postId=3&districtId=33&blockId=1&panchayatId=330010011&ward=&psn=-1&jpn=-1&phase=2021_1,12,इंटर पास,intermediate,0,0,0,सामान्य महिला,1,visually_checked,,,candidate_biography,Codex visual transcription; no second reviewer,69695abe277193a3060840201f61c6290ae483d2c45a58280f5d9d78ecb3c8f6,2026-09-11T02:56:20.791028+00:00,https://sec2021.bihar.gov.in/ForPublicPDF_P/Documents1n2/NominationDoc/20210909141417391.pdf#page=12,education_pages/33_1_330010011_4_p12.png,True
33,1,330010013,3,33_1_330010013_3,2021,3,विकास कुमार, विकास कुमार (विजेता),True,पुरुष ,26,https://sec2021.bihar.gov.in/ForPublicPDF_P/Documents1n2/NominationDoc/20210910141554324.pdf,https://sec25.bihar.gov.in/sec_new/Panchayat/ContestingCandidates?handler=GetContestingCandidates&postId=3&districtId=33&blockId=1&panchayatId=330010013&ward=&psn=-1&jpn=-1&phase=2021_1,https://sec25.bihar.gov.in/sec_new/Panchayat/Result?handler=GetResult&postId=3&districtId=33&blockId=1&panchayatId=330010013&ward=&psn=-1&jpn=-1&phase=2021_1,12,B.Sc. B.ed,graduate,1,0,0,अनुसूचित जाति,,visually_checked,Reservation field gives caste but does not specify women/other,,candidate_biography,Codex visual transcription; no second reviewer,dfca8dfab3eb4246c50744217b3ff40666469ba71b90ac5a218f1eb8ba9a469a,2026-09-11T02:56:20.790953+00:00,https://sec2021.bihar.gov.in/ForPublicPDF_P/Documents1n2/NominationDoc/20210910141554324.pdf#page=12,education_pages/33_1_330010013_3_p12.png,True
33,1,330010008,5,33_1_330010008_5,2021,3,राणी कुमारी, राणी कुमारी (विजेता),True,महिला,24,https://sec2021.bihar.gov.in/ForPublicPDF_P/Documents1n2/NominationDoc/20210912175232317.pdf,https://sec25.bihar.gov.in/sec_new/Panchayat/ContestingCandidates?handler=GetContestingCandidates&postId=3&districtId=33&blockId=1&panchayatId=330010008&ward=&psn=-1&jpn=-1&phase=2021_1,https://sec25.bihar.gov.in/sec_new/Panchayat/Result?handler=GetResult&postId=3&districtId=33&blockId=1&panchayatId=330010008&ward=&psn=-1&jpn=-1&phase=2021_1,10,I.Sc,ambiguous,,0,0,अनारक्षित (महिला),1,needs_review,I.Sc-like initial uncertain on biography and affidavit; degree status unassigned pending second review,9,candidate_biography,Codex visual transcription; no second reviewer,79c60b528c71e40dcc7c96f10d0601dc23dda6c27a1784a20b877b25edfab61a,2026-09-11T02:56:32.340631+00:00,https://sec2021.bihar.gov.in/ForPublicPDF_P/Documents1n2/NominationDoc/20210912175232317.pdf#page=10,education_pages/33_1_330010008_5_p10.png,True
33,1,330010015,9,33_1_330010015_9,2021,3,मुसर सुल्ताना ताज, मुसर सुल्ताना ताज (विजेता),True,महिला,27,https://sec2021.bihar.gov.in/ForPublicPDF_P/Documents1n2/NominationDoc/20210909131052714.pdf,https://sec25.bihar.gov.in/sec_new/Panchayat/ContestingCandidates?handler=GetContestingCandidates&postId=3&districtId=33&blockId=1&panchayatId=330010015&ward=&psn=-1&jpn=-1&phase=2021_1,https://sec25.bihar.gov.in/sec_new/Panchayat/Result?handler=GetResult&postId=3&districtId=33&blockId=1&panchayatId=330010015&ward=&psn=-1&jpn=-1&phase=2021_1,16,B.ed,graduate,1,0,0,E.B.C. f,1,visually_checked,,,candidate_biography,Codex visual transcription; no second reviewer,05d4f93ebf0af254b5c5614db7a0ee171187ba3cad8c87e80bb6338ccfd9b2ae,2026-09-11T02:56:40.289892+00:00,https://sec2021.bihar.gov.in/ForPublicPDF_P/Documents1n2/NominationDoc/20210909131052714.pdf#page=16,education_pages/33_1_330010015_9_p16.png,True
33,1,330010005,9,33_1_330010005_9,2021,3,विवेकानन्द कुमार, विवेकानन्द कुमार (विजेता),True,पुरुष ,34,https://sec2021.bihar.gov.in/ForPublicPDF_P/Documents1n2/NominationDoc/20210912183233732.pdf,https://sec25.bihar.gov.in/sec_new/Panchayat/ContestingCandidates?handler=GetContestingCandidates&postId=3&districtId=33&blockId=1&panchayatId=330010005&ward=&psn=-1&jpn=-1&phase=2021_1,https://sec25.bihar.gov.in/sec_new/Panchayat/Result?handler=GetResult&postId=3&districtId=33&blockId=1&panchayatId=330010005&ward=&psn=-1&jpn=-1&phase=2021_1,13,INTERMEDIATE,intermediate,0,0,0,GENERAL,0,visually_checked,Candidate name blank on English biography; father Rajendra Singh and panchayat agree with named receipt on page 1,1,candidate_biography,Codex visual transcription; no second reviewer,8a76896b25aa79ce09acb273999c93f9c53b7b207b5643d760d1ca5c6683b164,2026-09-11T02:56:41.136115+00:00,https://sec2021.bihar.gov.in/ForPublicPDF_P/Documents1n2/NominationDoc/20210912183233732.pdf#page=13,education_pages/33_1_330010005_9_p13.png,True
33,1,330010017,6,33_1_330010017_6,2021,3,शेख परवेज, शेख परवेज (विजेता),True,पुरुष ,41,https://sec2021.bihar.gov.in/ForPublicPDF_P/Documents1n2/NominationDoc/20210912171121874.pdf,https://sec25.bihar.gov.in/sec_new/Panchayat/ContestingCandidates?handler=GetContestingCandidates&postId=3&districtId=33&blockId=1&panchayatId=330010017&ward=&psn=-1&jpn=-1&phase=2021_1,https://sec25.bihar.gov.in/sec_new/Panchayat/Result?handler=GetResult&postId=3&districtId=33&blockId=1&panchayatId=330010017&ward=&psn=-1&jpn=-1&phase=2021_1,12,स्नातक,graduate,1,0,0,अनारक्षित अन्य,0,visually_checked,,,candidate_biography,Codex visual transcription; no second reviewer,7cea4387556f5a3a20406329bbd3b8a7a8b685d54d8331935fb59625608fb779,2026-09-11T02:56:48.381252+00:00,https://sec2021.bihar.gov.in/ForPublicPDF_P/Documents1n2/NominationDoc/20210912171121874.pdf#page=12,education_pages/33_1_330010017_6_p12.png,True
33,1,330010014,1,33_1_330010014_1,2021,3,गीता देवी, गीता देवी (विजेता),True,महिला,38,https://sec2021.bihar.gov.in/ForPublicPDF_P/Documents1n2/NominationDoc/20210910151007389.pdf,https://sec25.bihar.gov.in/sec_new/Panchayat/ContestingCandidates?handler=GetContestingCandidates&postId=3&districtId=33&blockId=1&panchayatId=330010014&ward=&psn=-1&jpn=-1&phase=2021_1,https://sec25.bihar.gov.in/sec_new/Panchayat/Result?handler=GetResult&postId=3&districtId=33&blockId=1&panchayatId=330010014&ward=&psn=-1&jpn=-1&phase=2021_1,12,मैट्रिक,secondary,0,0,0,सामान्य महिला,1,visually_checked,Sideways biography,,candidate_biography,Codex visual transcription; no second reviewer,621bc80bf0a80d215f05a708ae363e4d885c374e83ecb5ab82e96da3d5276041,2026-09-11T02:56:52.217137+00:00,https://sec2021.bihar.gov.in/ForPublicPDF_P/Documents1n2/NominationDoc/20210910151007389.pdf#page=12,education_pages/33_1_330010014_1_p12.png,True
33,1,330010004,4,33_1_330010004_4,2021,3,निरज कुमार, निरज कुमार (विजेता),True,पुरुष ,28,https://sec2021.bihar.gov.in/ForPublicPDF_P/Documents1n2/NominationDoc/20210913151400820.pdf,https://sec25.bihar.gov.in/sec_new/Panchayat/ContestingCandidates?handler=GetContestingCandidates&postId=3&districtId=33&blockId=1&panchayatId=330010004&ward=&psn=-1&jpn=-1&phase=2021_1,https://sec25.bihar.gov.in/sec_new/Panchayat/Result?handler=GetResult&postId=3&districtId=33&blockId=1&panchayatId=330010004&ward=&psn=-1&jpn=-1&phase=2021_1,14,B.Sc,graduate,1,0,0,General,0,visually_checked,,,candidate_biography,Codex visual transcription; no second reviewer,1a84054c0c88f221c5e810bc3011fbbe3fb716baf89db573b93e114bbc5153ab,2026-09-11T02:56:52.883253+00:00,https://sec2021.bihar.gov.in/ForPublicPDF_P/Documents1n2/NominationDoc/20210913151400820.pdf#page=14,education_pages/33_1_330010004_4_p14.png,True
33,1,330010002,2,33_1_330010002_2,2021,3,उधो सिंह, उधो सिंह (विजेता),True,पुरुष ,35,https://sec2021.bihar.gov.in/ForPublicPDF_P/Documents1n2/NominationDoc/20210907180715636.pdf,https://sec25.bihar.gov.in/sec_new/Panchayat/ContestingCandidates?handler=GetContestingCandidates&postId=3&districtId=33&blockId=1&panchayatId=330010002&ward=&psn=-1&jpn=-1&phase=2021_1,https://sec25.bihar.gov.in/sec_new/Panchayat/Result?handler=GetResult&postId=3&districtId=33&blockId=1&panchayatId=330010002&ward=&psn=-1&jpn=-1&phase=2021_1,12,नॉन मैट्रिक,below_secondary,0,,1,सामान्य,0,visually_checked,Non-matric does not establish literacy; mukhiya since 2016,,candidate_biography,Codex visual transcription; no second reviewer,2336f3fd9829fd34a770a357a9838a667247cc7d97f7887830c7c442097660fc,2026-09-11T02:57:04.959855+00:00,https://sec2021.bihar.gov.in/ForPublicPDF_P/Documents1n2/NominationDoc/20210907180715636.pdf#page=12,education_pages/33_1_330010002_2_p12.png,True
33,1,330010012,4,33_1_330010012_4,2021,3,गीता देवी, गीता देवी (विजेता),True,महिला,42,https://sec2021.bihar.gov.in/ForPublicPDF_P/Documents1n2/NominationDoc/20210911180525338.pdf,https://sec25.bihar.gov.in/sec_new/Panchayat/ContestingCandidates?handler=GetContestingCandidates&postId=3&districtId=33&blockId=1&panchayatId=330010012&ward=&psn=-1&jpn=-1&phase=2021_1,https://sec25.bihar.gov.in/sec_new/Panchayat/Result?handler=GetResult&postId=3&districtId=33&blockId=1&panchayatId=330010012&ward=&psn=-1&jpn=-1&phase=2021_1,12,पांचवा,primary,0,0,1,अनुसूचित महिला,1,visually_checked,,,candidate_biography,Codex visual transcription; no second reviewer,92f9ff370c2b5e45622581b1d0f234a8411106417f97bb80a5315b4cea86e561,2026-09-11T02:57:06.506424+00:00,https://sec2021.bihar.gov.in/ForPublicPDF_P/Documents1n2/NominationDoc/20210911180525338.pdf#page=12,education_pages/33_1_330010012_4_p12.png,False
33,1,330010001,2,33_1_330010001_2,2021,3,गीता देवी, गीता देवी (विजेता),True,महिला,47,https://sec2021.bihar.gov.in/ForPublicPDF_P/Documents1n2/NominationDoc/20210911161208881.pdf,https://sec25.bihar.gov.in/sec_new/Panchayat/ContestingCandidates?handler=GetContestingCandidates&postId=3&districtId=33&blockId=1&panchayatId=330010001&ward=&psn=-1&jpn=-1&phase=2021_1,https://sec25.bihar.gov.in/sec_new/Panchayat/Result?handler=GetResult&postId=3&districtId=33&blockId=1&panchayatId=330010001&ward=&psn=-1&jpn=-1&phase=2021_1,12,B.A.,graduate,1,0,0,General Female,1,visually_checked,,,candidate_biography,Codex visual transcription; no second reviewer,9682a359a8ea4f66dd4fdf13a0c114b9f2c8bd7ea97b71535a2612830f170160,2026-09-11T02:57:07.245265+00:00,https://sec2021.bihar.gov.in/ForPublicPDF_P/Documents1n2/NominationDoc/20210911161208881.pdf#page=12,education_pages/33_1_330010001_2_p12.png,True
33,5,330050068,1,33_5_330050068_1,2021,3,अमरेन्द्र कुमार, अमरेन्द्र कुमार (विजेता),True,पुरुष ,42,https://sec2021.bihar.gov.in/ForPublicPDF_P/Documents3/NominationDoc/20210921154431812.pdf,https://sec25.bihar.gov.in/sec_new/Panchayat/ContestingCandidates?handler=GetContestingCandidates&postId=3&districtId=33&blockId=5&panchayatId=330050068&ward=&psn=-1&jpn=-1&phase=2021_1,https://sec25.bihar.gov.in/sec_new/Panchayat/Result?handler=GetResult&postId=3&districtId=33&blockId=5&panchayatId=330050068&ward=&psn=-1&jpn=-1&phase=2021_1,13,मैट्रिक,secondary,0,0,1,सामान्य,0,visually_checked,,,candidate_biography,Codex visual transcription; no second reviewer,12c2c7f7f9962e7aa1bfb2ba366793d751fda520019e0989a15f6c9bf9ce87e2,2026-09-11T02:57:07.767440+00:00,https://sec2021.bihar.gov.in/ForPublicPDF_P/Documents3/NominationDoc/20210921154431812.pdf#page=13,education_pages/33_5_330050068_1_p13.png,True
33,5,330050058,14,33_5_330050058_14,2021,3,सीमा कुमारी, सीमा कुमारी (विजेता),True,महिला,30,https://sec2021.bihar.gov.in/ForPublicPDF_P/Documents3/NominationDoc/20210916145923976.pdf,https://sec25.bihar.gov.in/sec_new/Panchayat/ContestingCandidates?handler=GetContestingCandidates&postId=3&districtId=33&blockId=5&panchayatId=330050058&ward=&psn=-1&jpn=-1&phase=2021_1,https://sec25.bihar.gov.in/sec_new/Panchayat/Result?handler=GetResult&postId=3&districtId=33&blockId=5&panchayatId=330050058&ward=&psn=-1&jpn=-1&phase=2021_1,10,स्नातक,graduate,1,0,0,अनारक्षित अन्य,0,visually_checked,Woman elected to an open seat,,candidate_biography,Codex visual transcription; no second reviewer,0202506dafb9980055b91bade05ea54ad0b3c6feb2a45379fd21540cc06532c6,2026-09-11T02:57:15.316531+00:00,https://sec2021.bihar.gov.in/ForPublicPDF_P/Documents3/NominationDoc/20210916145923976.pdf#page=10,education_pages/33_5_330050058_14_p10.png,True
33,5,330050061,1,33_5_330050061_1,2021,3,अदीबा खातुन, अदीबा खातुन (विजेता),True,महिला,51,https://sec2021.bihar.gov.in/ForPublicPDF_P/Documents3/NominationDoc/20210920132841584.pdf,https://sec25.bihar.gov.in/sec_new/Panchayat/ContestingCandidates?handler=GetContestingCandidates&postId=3&districtId=33&blockId=5&panchayatId=330050061&ward=&psn=-1&jpn=-1&phase=2021_1,https://sec25.bihar.gov.in/sec_new/Panchayat/Result?handler=GetResult&postId=3&districtId=33&blockId=5&panchayatId=330050061&ward=&psn=-1&jpn=-1&phase=2021_1,11,EDUCATED,unspecified_educated,,0,1,GENERAL FEMALE,1,visually_checked,Degree level unspecified,,candidate_biography,Codex visual transcription; no second reviewer,6c49e0ed22fe21cf9ba054f632aae92b844ff9547ce27db2f9de44e7a7bc1f68,2026-09-11T02:57:15.854235+00:00,https://sec2021.bihar.gov.in/ForPublicPDF_P/Documents3/NominationDoc/20210920132841584.pdf#page=11,education_pages/33_5_330050061_1_p11.png,True
33,5,330050059,2,33_5_330050059_2,2021,3,कामता सिंह, कामता सिंह (विजेता),True,पुरुष ,53,https://sec2021.bihar.gov.in/ForPublicPDF_P/Documents3/NominationDoc/20210918131158084.pdf,https://sec25.bihar.gov.in/sec_new/Panchayat/ContestingCandidates?handler=GetContestingCandidates&postId=3&districtId=33&blockId=5&panchayatId=330050059&ward=&psn=-1&jpn=-1&phase=2021_1,https://sec25.bihar.gov.in/sec_new/Panchayat/Result?handler=GetResult&postId=3&districtId=33&blockId=5&panchayatId=330050059&ward=&psn=-1&jpn=-1&phase=2021_1,11,इंटर,intermediate,0,0,1,सामान्य,0,visually_checked,Mukhiya in 2006 and 2011,,candidate_biography,Codex visual transcription; no second reviewer,b8603c81df8f016599c9dd94215ae2861614e729a4bf9965270b8ec929f2a38f,2026-09-11T02:57:19.209611+00:00,https://sec2021.bihar.gov.in/ForPublicPDF_P/Documents3/NominationDoc/20210918131158084.pdf#page=11,education_pages/33_5_330050059_2_p11.png,False
33,5,330050065,7,33_5_330050065_7,2021,3,ब्रजेन्द्र कुमार, ब्रजेन्द्र कुमार (विजेता),True,पुरुष ,40,https://sec2021.bihar.gov.in/ForPublicPDF_P/Documents3/NominationDoc/20210921143920511.pdf,https://sec25.bihar.gov.in/sec_new/Panchayat/ContestingCandidates?handler=GetContestingCandidates&postId=3&districtId=33&blockId=5&panchayatId=330050065&ward=&psn=-1&jpn=-1&phase=2021_1,https://sec25.bihar.gov.in/sec_new/Panchayat/Result?handler=GetResult&postId=3&districtId=33&blockId=5&panchayatId=330050065&ward=&psn=-1&jpn=-1&phase=2021_1,10,मैट्रिक; अन्तर स्नातक,ambiguous,,0,,,,needs_review,Affidavit lists matric and an ambiguous subsequent qualification; degree status unassigned,,candidate_affidavit,Codex visual transcription; no second reviewer,c4e5a127ed2dd1e794fc151a3ec387a257fc9e815acb61d282665701de6805ae,2026-09-11T02:57:21.716059+00:00,https://sec2021.bihar.gov.in/ForPublicPDF_P/Documents3/NominationDoc/20210921143920511.pdf#page=10,education_pages/33_5_330050065_7_p10.png,True
33,5,330050067,4,33_5_330050067_4,2021,3,रानी देवी, रानी देवी (विजेता),True,महिला,33,https://sec2021.bihar.gov.in/ForPublicPDF_P/Documents3/NominationDoc/20210921172716237.pdf,https://sec25.bihar.gov.in/sec_new/Panchayat/ContestingCandidates?handler=GetContestingCandidates&postId=3&districtId=33&blockId=5&panchayatId=330050067&ward=&psn=-1&jpn=-1&phase=2021_1,https://sec25.bihar.gov.in/sec_new/Panchayat/Result?handler=GetResult&postId=3&districtId=33&blockId=5&panchayatId=330050067&ward=&psn=-1&jpn=-1&phase=2021_1,11,SHACHAR,literate,0,0,0,,,visually_checked,Transliteration of sakshar; reservation field blank,,candidate_biography,Codex visual transcription; no second reviewer,e320e1b00ad0a5e45bbae54985f5933607c38e98977041cf9cd06423cc7fecb5,2026-09-11T02:57:22.444475+00:00,https://sec2021.bihar.gov.in/ForPublicPDF_P/Documents3/NominationDoc/20210921172716237.pdf#page=11,education_pages/33_5_330050067_4_p11.png,True
33,5,330050060,6,33_5_330050060_6,2021,3,पूनम  कुमारी, पूनम  कुमारी (विजेता),True,महिला,27,https://sec2021.bihar.gov.in/ForPublicPDF_P/Documents3/NominationDoc/20210916152241115.pdf,https://sec25.bihar.gov.in/sec_new/Panchayat/ContestingCandidates?handler=GetContestingCandidates&postId=3&districtId=33&blockId=5&panchayatId=330050060&ward=&psn=-1&jpn=-1&phase=2021_1,https://sec25.bihar.gov.in/sec_new/Panchayat/Result?handler=GetResult&postId=3&districtId=33&blockId=5&panchayatId=330050060&ward=&psn=-1&jpn=-1&phase=2021_1,11,मैट्रिक,secondary,0,0,0,,,visually_checked,Reservation field blank on biography,,candidate_biography,Codex visual transcription; no second reviewer,d10169417bd88a848076a995e67fe6514af263a3e58f01489f0953384f3dac73,2026-09-11T02:57:24.848503+00:00,https://sec2021.bihar.gov.in/ForPublicPDF_P/Documents3/NominationDoc/20210916152241115.pdf#page=11,education_pages/33_5_330050060_6_p11.png,False
33,5,330050062,8,33_5_330050062_8,2021,3,रिभा कुमारी, रिभा कुमारी (विजेता),True,महिला,34,https://sec2021.bihar.gov.in/ForPublicPDF_P/Documents3/NominationDoc/20210922190615487.pdf,https://sec25.bihar.gov.in/sec_new/Panchayat/ContestingCandidates?handler=GetContestingCandidates&postId=3&districtId=33&blockId=5&panchayatId=330050062&ward=&psn=-1&jpn=-1&phase=2021_1,https://sec25.bihar.gov.in/sec_new/Panchayat/Result?handler=GetResult&postId=3&districtId=33&blockId=5&panchayatId=330050062&ward=&psn=-1&jpn=-1&phase=2021_1,11,स्नातक,graduate,1,0,1,सामान्य महिला,1,visually_checked,,,candidate_biography,Codex visual transcription; no second reviewer,bd49ced8ab483b8323e6a3c1539cfb85441ba018433ba374fa25ca826437aa27,2026-09-11T02:57:28.529143+00:00,https://sec2021.bihar.gov.in/ForPublicPDF_P/Documents3/NominationDoc/20210922190615487.pdf#page=11,education_pages/33_5_330050062_8_p11.png,True
33,5,330050066,2,33_5_330050066_2,2021,3,अशोक कुमार चैाधरी, अशोक कुमार चैाधरी (विजेता),True,पुरुष ,37,https://sec2021.bihar.gov.in/ForPublicPDF_P/Documents3/NominationDoc/20210921171755512.pdf,https://sec25.bihar.gov.in/sec_new/Panchayat/ContestingCandidates?handler=GetContestingCandidates&postId=3&districtId=33&blockId=5&panchayatId=330050066&ward=&psn=-1&jpn=-1&phase=2021_1,https://sec25.bihar.gov.in/sec_new/Panchayat/Result?handler=GetResult&postId=3&districtId=33&blockId=5&panchayatId=330050066&ward=&psn=-1&jpn=-1&phase=2021_1,11,इंटर,intermediate,0,0,0,अनुसूचित जाति,,visually_checked,Reservation field gives caste but does not specify women/other,,candidate_biography,Codex visual transcription; no second reviewer,d280f7ad92b871b4a424495a3ae728801e897e9305dc28e127906c93b76ef6cb,2026-09-11T02:57:30.446800+00:00,https://sec2021.bihar.gov.in/ForPublicPDF_P/Documents3/NominationDoc/20210921171755512.pdf#page=11,education_pages/33_5_330050066_2_p11.png,True
33,5,330050064,2,33_5_330050064_2,2021,3,किशोरी साव, किशोरी साव (विजेता),True,पुरुष ,39,https://sec2021.bihar.gov.in/ForPublicPDF_P/Documents3/NominationDoc/20210918133806469.pdf,https://sec25.bihar.gov.in/sec_new/Panchayat/ContestingCandidates?handler=GetContestingCandidates&postId=3&districtId=33&blockId=5&panchayatId=330050064&ward=&psn=-1&jpn=-1&phase=2021_1,https://sec25.bihar.gov.in/sec_new/Panchayat/Result?handler=GetResult&postId=3&districtId=33&blockId=5&panchayatId=330050064&ward=&psn=-1&jpn=-1&phase=2021_1,11,साक्षर,literate,0,0,0,अतिपिछड़ा (अन्य),0,visually_checked,,,candidate_biography,Codex visual transcription; no second reviewer,09415d0952df565f01f188e812a04e8b916fc5feb39e1a9e03bddaba383e4f33,2026-09-11T02:57:34.711166+00:00,https://sec2021.bihar.gov.in/ForPublicPDF_P/Documents3/NominationDoc/20210918133806469.pdf#page=11,education_pages/33_5_330050064_2_p11.png,True
33,3,330030031,3,33_3_330030031_3,2021,3,किरण देवी, किरण देवी (विजेता),True,महिला,43,https://sec2021.bihar.gov.in/ForPublicPDF_P/Documents5/NominationDoc/20211004134325407.pdf,https://sec25.bihar.gov.in/sec_new/Panchayat/ContestingCandidates?handler=GetContestingCandidates&postId=3&districtId=33&blockId=3&panchayatId=330030031&ward=&psn=-1&jpn=-1&phase=2021_1,https://sec25.bihar.gov.in/sec_new/Panchayat/Result?handler=GetResult&postId=3&districtId=33&blockId=3&panchayatId=330030031&ward=&psn=-1&jpn=-1&phase=2021_1,8,स्नातक,graduate,1,0,1,अनारक्षित अन्य,0,visually_checked,Mukhiya in 2006 and 2011,,candidate_biography,Codex visual transcription; no second reviewer,3607c62610c760f1bbd275c4a00c68da9e5514db074ac67d239fd3ae4a5a4f82,2026-09-11T02:57:37.649098+00:00,https://sec2021.bihar.gov.in/ForPublicPDF_P/Documents5/NominationDoc/20211004134325407.pdf#page=8,education_pages/33_3_330030031_3_p08.png,True
33,3,330030047,1,33_3_330030047_1,2021,3,एकवाल साव, एकवाल साव (विजेता),True,पुरुष ,39,https://sec2021.bihar.gov.in/ForPublicPDF_P/Documents5/NominationDoc/20211001124801472.pdf,https://sec25.bihar.gov.in/sec_new/Panchayat/ContestingCandidates?handler=GetContestingCandidates&postId=3&districtId=33&blockId=3&panchayatId=330030047&ward=&psn=-1&jpn=-1&phase=2021_1,https://sec25.bihar.gov.in/sec_new/Panchayat/Result?handler=GetResult&postId=3&districtId=33&blockId=3&panchayatId=330030047&ward=&psn=-1&jpn=-1&phase=2021_1,9,मध्य वि केयाल,school_only,,,0,पिछड़ा वर्ग अन्य,0,needs_review,Biography education blank; affidavit page 8 names a middle school without qualification or completed grade,8,candidate_biography,Codex visual transcription; no second reviewer,19b68a7e6a087a5e250c7ca7415cca51761c0918e20067aa2ff4560fe5048752,2026-09-11T02:57:38.846325+00:00,https://sec2021.bihar.gov.in/ForPublicPDF_P/Documents5/NominationDoc/20211001124801472.pdf#page=9,education_pages/33_3_330030047_1_p09.png,False
33,3,330030042,2,33_3_330030042_2,2021,3,नितु कुमारी, नितु कुमारी (विजेता),True,महिला,29,https://sec2021.bihar.gov.in/ForPublicPDF_P/Documents5/NominationDoc/20211005164348997.pdf,https://sec25.bihar.gov.in/sec_new/Panchayat/ContestingCandidates?handler=GetContestingCandidates&postId=3&districtId=33&blockId=3&panchayatId=330030042&ward=&psn=-1&jpn=-1&phase=2021_1,https://sec25.bihar.gov.in/sec_new/Panchayat/Result?handler=GetResult&postId=3&districtId=33&blockId=3&panchayatId=330030042&ward=&psn=-1&jpn=-1&phase=2021_1,9,इंटर,intermediate,0,0,1,अनारक्षित महिला,1,visually_checked,,,candidate_biography,Codex visual transcription; no second reviewer,13c2ef70cdec99e43ee0a73541b009fbb2e375539f2768b3f6a356755277d53a,2026-09-11T02:57:43.944371+00:00,https://sec2021.bihar.gov.in/ForPublicPDF_P/Documents5/NominationDoc/20211005164348997.pdf#page=9,education_pages/33_3_330030042_2_p09.png,True
33,3,330030036,2,33_3_330030036_2,2021,3,रामदुलारी देवी, रामदुलारी देवी (विजेता),True,महिला,43,https://sec2021.bihar.gov.in/ForPublicPDF_P/Documents5/NominationDoc/20211004125208152.pdf,https://sec25.bihar.gov.in/sec_new/Panchayat/ContestingCandidates?handler=GetContestingCandidates&postId=3&districtId=33&blockId=3&panchayatId=330030036&ward=&psn=-1&jpn=-1&phase=2021_1,https://sec25.bihar.gov.in/sec_new/Panchayat/Result?handler=GetResult&postId=3&districtId=33&blockId=3&panchayatId=330030036&ward=&psn=-1&jpn=-1&phase=2021_1,9,साक्षर,literate,0,0,0,अनारक्षित महिला,1,visually_checked,,,candidate_biography,Codex visual transcription; no second reviewer,b0190a940e8e117136da54a4aeddc0cfad5891f6e6ef2cdafb25dd6636dfa2a1,2026-09-11T02:57:47.622578+00:00,https://sec2021.bihar.gov.in/ForPublicPDF_P/Documents5/NominationDoc/20211004125208152.pdf#page=9,education_pages/33_3_330030036_2_p09.png,True
33,3,330030034,1,33_3_330030034_1,2021,3,आवन्ति देवी, आवन्ति देवी (विजेता),True,महिला,37,https://sec2021.bihar.gov.in/ForPublicPDF_P/Documents5/NominationDoc/20211002182651932.pdf,https://sec25.bihar.gov.in/sec_new/Panchayat/ContestingCandidates?handler=GetContestingCandidates&postId=3&districtId=33&blockId=3&panchayatId=330030034&ward=&psn=-1&jpn=-1&phase=2021_1,https://sec25.bihar.gov.in/sec_new/Panchayat/Result?handler=GetResult&postId=3&districtId=33&blockId=3&panchayatId=330030034&ward=&psn=-1&jpn=-1&phase=2021_1,9,मैट्रिक,secondary,0,0,0,अजा आरक्षित महिला,1,visually_checked,,,candidate_biography,Codex visual transcription; no second reviewer,87f81d3de330e815e329f822d2cddac2952d2cded92803191703794115361cd3,2026-09-11T02:57:47.732733+00:00,https://sec2021.bihar.gov.in/ForPublicPDF_P/Documents5/NominationDoc/20211002182651932.pdf#page=9,education_pages/33_3_330030034_1_p09.png,True
33,3,330030039,4,33_3_330030039_4,2021,3,लालिता देवी, लालिता देवी (विजेता),True,महिला,48,https://sec2021.bihar.gov.in/ForPublicPDF_P/Documents5/NominationDoc/20211005144122729.pdf,https://sec25.bihar.gov.in/sec_new/Panchayat/ContestingCandidates?handler=GetContestingCandidates&postId=3&districtId=33&blockId=3&panchayatId=330030039&ward=&psn=-1&jpn=-1&phase=2021_1,https://sec25.bihar.gov.in/sec_new/Panchayat/Result?handler=GetResult&postId=3&districtId=33&blockId=3&panchayatId=330030039&ward=&psn=-1&jpn=-1&phase=2021_1,9,इंटर,intermediate,0,0,1,अनारक्षित महिला,1,visually_checked,,,candidate_biography,Codex visual transcription; no second reviewer,b232198e1ecd39798f972597c93d5025197955099610139cd61875ed6ec9a7ea,2026-09-11T02:57:48.342043+00:00,https://sec2021.bihar.gov.in/ForPublicPDF_P/Documents5/NominationDoc/20211005144122729.pdf#page=9,education_pages/33_3_330030039_4_p09.png,True
33,3,330030044,3,33_3_330030044_3,2021,3,कंचन बाला, कंचन बाला (विजेता),True,महिला,34,https://sec2021.bihar.gov.in/ForPublicPDF_P/Documents5/NominationDoc/20211005181131764.pdf,https://sec25.bihar.gov.in/sec_new/Panchayat/ContestingCandidates?handler=GetContestingCandidates&postId=3&districtId=33&blockId=3&panchayatId=330030044&ward=&psn=-1&jpn=-1&phase=2021_1,https://sec25.bihar.gov.in/sec_new/Panchayat/Result?handler=GetResult&postId=3&districtId=33&blockId=3&panchayatId=330030044&ward=&psn=-1&jpn=-1&phase=2021_1,9,इंटर,intermediate,0,0,0,अनारक्षित महिला,1,visually_checked,,,candidate_biography,Codex visual transcription; no second reviewer,1321190ad5f6fc736ec2c510683b844abc90197de71a4b9c04ef045e98266809,2026-09-11T02:57:52.234904+00:00,https://sec2021.bihar.gov.in/ForPublicPDF_P/Documents5/NominationDoc/20211005181131764.pdf#page=9,education_pages/33_3_330030044_3_p09.png,True
33,3,330030041,2,33_3_330030041_2,2021,3,कृष्णा दास, कृष्णा दास (विजेता),True,पुरुष ,48,https://sec2021.bihar.gov.in/ForPublicPDF_P/Documents5/NominationDoc/20211006140858962.pdf,https://sec25.bihar.gov.in/sec_new/Panchayat/ContestingCandidates?handler=GetContestingCandidates&postId=3&districtId=33&blockId=3&panchayatId=330030041&ward=&psn=-1&jpn=-1&phase=2021_1,https://sec25.bihar.gov.in/sec_new/Panchayat/Result?handler=GetResult&postId=3&districtId=33&blockId=3&panchayatId=330030041&ward=&psn=-1&jpn=-1&phase=2021_1,9,साक्षर,literate,0,0,,अनुसूचित जाति अन्य,0,visually_checked,Prior-office field blank,,candidate_biography,Codex visual transcription; no second reviewer,feca1d2fb3966533b824a4ce8379e24b1a4f8e62a96c67e970552c7ed622eb9a,2026-09-11T02:57:55.478287+00:00,https://sec2021.bihar.gov.in/ForPublicPDF_P/Documents5/NominationDoc/20211006140858962.pdf#page=9,education_pages/33_3_330030041_2_p09.png,True
33,3,330030033,5,33_3_330030033_5,2021,3,तपेश्वर चौधरी, तपेश्वर चौधरी (विजेता),True,पुरुष ,52,https://sec2021.bihar.gov.in/ForPublicPDF_P/Documents5/NominationDoc/20211001191043619.pdf,https://sec25.bihar.gov.in/sec_new/Panchayat/ContestingCandidates?handler=GetContestingCandidates&postId=3&districtId=33&blockId=3&panchayatId=330030033&ward=&psn=-1&jpn=-1&phase=2021_1,https://sec25.bihar.gov.in/sec_new/Panchayat/Result?handler=GetResult&postId=3&districtId=33&blockId=3&panchayatId=330030033&ward=&psn=-1&jpn=-1&phase=2021_1,11,मैट्रिक,secondary,0,0,,,,visually_checked,Education from candidate affidavit,,candidate_affidavit,Codex visual transcription; no second reviewer,55fd0098fc0dd6daeaeb772fd6531e275244423b9e96ab7303a2165e4effc220,2026-09-11T02:58:05.613903+00:00,https://sec2021.bihar.gov.in/ForPublicPDF_P/Documents5/NominationDoc/20211001191043619.pdf#page=11,education_pages/33_3_330030033_5_p11.png,True
33,3,330030040,5,33_3_330030040_5,2021,3,कुन्दन कुमार, कुन्दन कुमार (विजेता),True,पुरुष ,31,https://sec2021.bihar.gov.in/ForPublicPDF_P/Documents5/NominationDoc/20211001165326778.pdf,https://sec25.bihar.gov.in/sec_new/Panchayat/ContestingCandidates?handler=GetContestingCandidates&postId=3&districtId=33&blockId=3&panchayatId=330030040&ward=&psn=-1&jpn=-1&phase=2021_1,https://sec25.bihar.gov.in/sec_new/Panchayat/Result?handler=GetResult&postId=3&districtId=33&blockId=3&panchayatId=330030040&ward=&psn=-1&jpn=-1&phase=2021_1,9,इण्टर,intermediate,0,0,,,,visually_checked,Education from candidate affidavit,,candidate_affidavit,Codex visual transcription; no second reviewer,51ce666c54e243874659d10ab3179b243b6662f33505908a2a23a5a6320f8ee7,2026-09-11T02:58:10.058362+00:00,https://sec2021.bihar.gov.in/ForPublicPDF_P/Documents5/NominationDoc/20211001165326778.pdf#page=9,education_pages/33_3_330030040_5_p09.png,True
33,3,330030032,7,33_3_330030032_7,2021,3,सुषभा देवी, सुषभा देवी (विजेता),True,महिला,40,https://sec2021.bihar.gov.in/ForPublicPDF_P/Documents5/NominationDoc/20211005175951792.pdf,https://sec25.bihar.gov.in/sec_new/Panchayat/ContestingCandidates?handler=GetContestingCandidates&postId=3&districtId=33&blockId=3&panchayatId=330030032&ward=&psn=-1&jpn=-1&phase=2021_1,https://sec25.bihar.gov.in/sec_new/Panchayat/Result?handler=GetResult&postId=3&districtId=33&blockId=3&panchayatId=330030032&ward=&psn=-1&jpn=-1&phase=2021_1,8,मैट्रिक,secondary,0,0,0,अनारक्षित अन्य,0,visually_checked,,,candidate_biography,Codex visual transcription; no second reviewer,e9883ef938c8a458ae830bb506464d1e142e50cb4aacf4574ef3556a3bf34e94,2026-09-11T02:58:14.137017+00:00,https://sec2021.bihar.gov.in/ForPublicPDF_P/Documents5/NominationDoc/20211005175951792.pdf#page=8,education_pages/33_3_330030032_7_p08.png,True
33,3,330030043,9,33_3_330030043_9,2021,3,राजु  कुमार, राजु  कुमार (विजेता),True,महिला,36,https://sec2021.bihar.gov.in/ForPublicPDF_P/Documents5/NominationDoc/20211001151009863.pdf,https://sec25.bihar.gov.in/sec_new/Panchayat/ContestingCandidates?handler=GetContestingCandidates&postId=3&districtId=33&blockId=3&panchayatId=330030043&ward=&psn=-1&jpn=-1&phase=2021_1,https://sec25.bihar.gov.in/sec_new/Panchayat/Result?handler=GetResult&postId=3&districtId=33&blockId=3&panchayatId=330030043&ward=&psn=-1&jpn=-1&phase=2021_1,9,मैट्रिक,secondary,0,0,1,अतिपिछड़ा,,visually_checked,Reservation field does not specify women/other,,candidate_biography,Codex visual transcription; no second reviewer,d0a90e272faacc13ca461750d54cdedcf876310fa0e57404295f03399f1fce55,2026-09-11T02:58:19.602828+00:00,https://sec2021.bihar.gov.in/ForPublicPDF_P/Documents5/NominationDoc/20211001151009863.pdf#page=9,education_pages/33_3_330030043_9_p09.png,True
33,3,330030035,4,33_3_330030035_4,2021,3,हेमन्ति  देवी, हेमन्ति  देवी (विजेता),True,महिला,35,https://sec2021.bihar.gov.in/ForPublicPDF_P/Documents5/NominationDoc/20211004200213473.pdf,https://sec25.bihar.gov.in/sec_new/Panchayat/ContestingCandidates?handler=GetContestingCandidates&postId=3&districtId=33&blockId=3&panchayatId=330030035&ward=&psn=-1&jpn=-1&phase=2021_1,https://sec25.bihar.gov.in/sec_new/Panchayat/Result?handler=GetResult&postId=3&districtId=33&blockId=3&panchayatId=330030035&ward=&psn=-1&jpn=-1&phase=2021_1,9,साक्षर,literate,0,0,1,अनु जाति महिला,1,visually_checked,,,candidate_biography,Codex visual transcription; no second reviewer,5bdb732902ee631b18f3b990dd98ab64faec737eba591eb52c29b6b710dcb95b,2026-09-11T02:58:27.263049+00:00,https://sec2021.bihar.gov.in/ForPublicPDF_P/Documents5/NominationDoc/20211004200213473.pdf#page=9,education_pages/33_3_330030035_4_p09.png,True
33,3,330030048,5,33_3_330030048_5,2021,3,नंटू  कुमार, नंटू  कुमार (विजेता),True,पुरुष ,28,https://sec2021.bihar.gov.in/ForPublicPDF_P/Documents5/NominationDoc/20211001154555418.pdf,https://sec25.bihar.gov.in/sec_new/Panchayat/ContestingCandidates?handler=GetContestingCandidates&postId=3&districtId=33&blockId=3&panchayatId=330030048&ward=&psn=-1&jpn=-1&phase=2021_1,https://sec25.bihar.gov.in/sec_new/Panchayat/Result?handler=GetResult&postId=3&districtId=33&blockId=3&panchayatId=330030048&ward=&psn=-1&jpn=-1&phase=2021_1,9,मैट्रिक,secondary,0,0,0,अनारक्षित,0,visually_checked,,,candidate_biography,Codex visual transcription; no second reviewer,0461adf1e208452401b5e657dd7fbcd249d1defde67acd66e228c59fe342550a,2026-09-11T02:58:28.337890+00:00,https://sec2021.bihar.gov.in/ForPublicPDF_P/Documents5/NominationDoc/20211001154555418.pdf#page=9,education_pages/33_3_330030048_5_p09.png,True
33,3,330030045,4,33_3_330030045_4,2021,3,सूर्यमल प्रसाद, सूर्यमल प्रसाद (विजेता),True,पुरुष ,46,https://sec2021.bihar.gov.in/ForPublicPDF_P/Documents5/NominationDoc/20211004122844779.pdf,https://sec25.bihar.gov.in/sec_new/Panchayat/ContestingCandidates?handler=GetContestingCandidates&postId=3&districtId=33&blockId=3&panchayatId=330030045&ward=&psn=-1&jpn=-1&phase=2021_1,https://sec25.bihar.gov.in/sec_new/Panchayat/Result?handler=GetResult&postId=3&districtId=33&blockId=3&panchayatId=330030045&ward=&psn=-1&jpn=-1&phase=2021_1,9,मैट्रिक,secondary,0,0,0,अनारक्षित,0,visually_checked,,,candidate_biography,Codex visual transcription; no second reviewer,9034c6947c790892bc99aab77985442b58bf57c32d12c2ca33b99a95ef5a4498,2026-09-11T02:58:28.512044+00:00,https://sec2021.bihar.gov.in/ForPublicPDF_P/Documents5/NominationDoc/20211004122844779.pdf#page=9,education_pages/33_3_330030045_4_p09.png,True
33,3,330030037,3,33_3_330030037_3,2021,3,नाजनी खातुन, नाजनी खातुन (विजेता),True,महिला,42,https://sec2021.bihar.gov.in/ForPublicPDF_P/Documents5/NominationDoc/20211005170858818.pdf,https://sec25.bihar.gov.in/sec_new/Panchayat/ContestingCandidates?handler=GetContestingCandidates&postId=3&districtId=33&blockId=3&panchayatId=330030037&ward=&psn=-1&jpn=-1&phase=2021_1,https://sec25.bihar.gov.in/sec_new/Panchayat/Result?handler=GetResult&postId=3&districtId=33&blockId=3&panchayatId=330030037&ward=&psn=-1&jpn=-1&phase=2021_1,1,,missing_document,,,,पिछड़ा वर्ग महिला,1,source_missing,Source PDF contains only a one-page nomination fee receipt; no education declaration,,fee_receipt,Codex visual transcription; no second reviewer,cafe601d949778d66ceca5142b36696d8357207c30da09c64c804b189797b977,2026-09-11T02:58:29.354121+00:00,https://sec2021.bihar.gov.in/ForPublicPDF_P/Documents5/NominationDoc/20211005170858818.pdf#page=1,education_pages/33_3_330030037_3_p01.png,False
33,3,330030049,5,33_3_330030049_5,2021,3,बसन्ती देवी, बसन्ती देवी (विजेता),True,महिला,61,https://sec2021.bihar.gov.in/ForPublicPDF_P/Documents5/NominationDoc/20211005163817542.pdf,https://sec25.bihar.gov.in/sec_new/Panchayat/ContestingCandidates?handler=GetContestingCandidates&postId=3&districtId=33&blockId=3&panchayatId=330030049&ward=&psn=-1&jpn=-1&phase=2021_1,https://sec25.bihar.gov.in/sec_new/Panchayat/Result?handler=GetResult&postId=3&districtId=33&blockId=3&panchayatId=330030049&ward=&psn=-1&jpn=-1&phase=2021_1,9,साक्षर,literate,0,0,1,सामान्य महिला,1,visually_checked,,,candidate_biography,Codex visual transcription; no second reviewer,3516b03d44245076d6d9bbcbe1f34daad5063f10b3957fcf4982b30cbf2656f1,2026-09-11T02:58:34.797993+00:00,https://sec2021.bihar.gov.in/ForPublicPDF_P/Documents5/NominationDoc/20211005163817542.pdf#page=9,education_pages/33_3_330030049_5_p09.png,True
33,3,330030038,1,33_3_330030038_1,2021,3,अभिसेक रंजन, अभिसेक रंजन (विजेता),True,पुरुष ,34,https://sec2021.bihar.gov.in/ForPublicPDF_P/Documents5/NominationDoc/20211004111957473.pdf,https://sec25.bihar.gov.in/sec_new/Panchayat/ContestingCandidates?handler=GetContestingCandidates&postId=3&districtId=33&blockId=3&panchayatId=330030038&ward=&psn=-1&jpn=-1&phase=2021_1,https://sec25.bihar.gov.in/sec_new/Panchayat/Result?handler=GetResult&postId=3&districtId=33&blockId=3&panchayatId=330030038&ward=&psn=-1&jpn=-1&phase=2021_1,9,स्नातक,graduate,1,0,1,अनारक्षित अन्य,0,visually_checked,,,candidate_biography,Codex visual transcription; no second reviewer,e9b253bb1112409e8a070985c71abb6b01004a50b10a341b585d4d1734c89c2c,2026-09-11T02:58:37.946772+00:00,https://sec2021.bihar.gov.in/ForPublicPDF_P/Documents5/NominationDoc/20211004111957473.pdf#page=9,education_pages/33_3_330030038_1_p09.png,True
33,3,330030046,7,33_3_330030046_7,2021,3,शोला कुमारी, शोला कुमारी (विजेता),True,महिला,30,https://sec2021.bihar.gov.in/ForPublicPDF_P/Documents5/NominationDoc/20211005163020432.pdf,https://sec25.bihar.gov.in/sec_new/Panchayat/ContestingCandidates?handler=GetContestingCandidates&postId=3&districtId=33&blockId=3&panchayatId=330030046&ward=&psn=-1&jpn=-1&phase=2021_1,https://sec25.bihar.gov.in/sec_new/Panchayat/Result?handler=GetResult&postId=3&districtId=33&blockId=3&panchayatId=330030046&ward=&psn=-1&jpn=-1&phase=2021_1,9,इंटरमीडिएट आर्ट्स,intermediate,0,0,1,अन्य महिला,1,visually_checked,,,candidate_biography,Codex visual transcription; no second reviewer,642c427e7e8030a6811387e6d55cfec663e0432c0c5e7dcdb91684a4ef1a86ed,2026-09-11T02:58:55.257849+00:00,https://sec2021.bihar.gov.in/ForPublicPDF_P/Documents5/NominationDoc/20211005163020432.pdf#page=9,education_pages/33_3_330030046_7_p09.png,True
33,2,330020017,6,33_2_330020017_6,2021,3,विकास कुमार पटेल, विकास कुमार पटेल (विजेता),True,पुरुष ,44,https://sec2021.bihar.gov.in/ForPublicPDF_P/Documents4/NominationDoc/20211001111721483.pdf,https://sec25.bihar.gov.in/sec_new/Panchayat/ContestingCandidates?handler=GetContestingCandidates&postId=3&districtId=33&blockId=2&panchayatId=330020017&ward=&psn=-1&jpn=-1&phase=2021_1,https://sec25.bihar.gov.in/sec_new/Panchayat/Result?handler=GetResult&postId=3&districtId=33&blockId=2&panchayatId=330020017&ward=&psn=-1&jpn=-1&phase=2021_1,7,Literate,literate,0,0,0,General,0,visually_checked,,,candidate_biography,Codex visual transcription; no second reviewer,b2db2af27e83211da5d746640ca61d30f112f6cca8cb7c7c9c9b15a7cf7432e3,2026-09-11T02:58:55.874099+00:00,https://sec2021.bihar.gov.in/ForPublicPDF_P/Documents4/NominationDoc/20211001111721483.pdf#page=7,education_pages/33_2_330020017_6_p07.png,True
33,2,330020022,2,33_2_330020022_2,2021,3,आनन्द सिंहा, आनन्द सिंहा (विजेता),True,पुरुष ,41,https://sec2021.bihar.gov.in/ForPublicPDF_P/Documents4/NominationDoc/20211001121423957.pdf,https://sec25.bihar.gov.in/sec_new/Panchayat/ContestingCandidates?handler=GetContestingCandidates&postId=3&districtId=33&blockId=2&panchayatId=330020022&ward=&psn=-1&jpn=-1&phase=2021_1,https://sec25.bihar.gov.in/sec_new/Panchayat/Result?handler=GetResult&postId=3&districtId=33&blockId=2&panchayatId=330020022&ward=&psn=-1&jpn=-1&phase=2021_1,7,,missing_document,,,,अनारक्षित अन्य,0,source_missing,"All eight pages inspected; candidate biography and education page absent; page 7 is proposer biography, used only for seat reservation",,proposer_biography,Codex visual transcription; no second reviewer,901fd9ca3407daee12340fe20cc5e878021a31fadaf97b0bd84ef8d421e7edf2,2026-09-11T02:58:57.431127+00:00,https://sec2021.bihar.gov.in/ForPublicPDF_P/Documents4/NominationDoc/20211001121423957.pdf#page=7,education_pages/33_2_330020022_2_p07.png,True
33,2,330020029,4,33_2_330020029_4,2021,3,दमयान्ति देवी, दमयान्ति देवी (विजेता),True,महिला,37,https://sec2021.bihar.gov.in/ForPublicPDF_P/Documents4/NominationDoc/20211001114007228.pdf,https://sec25.bihar.gov.in/sec_new/Panchayat/ContestingCandidates?handler=GetContestingCandidates&postId=3&districtId=33&blockId=2&panchayatId=330020029&ward=&psn=-1&jpn=-1&phase=2021_1,https://sec25.bihar.gov.in/sec_new/Panchayat/Result?handler=GetResult&postId=3&districtId=33&blockId=2&panchayatId=330020029&ward=&psn=-1&jpn=-1&phase=2021_1,9,SAKSHER,literate,0,0,0,GENERAL MAHILA,1,visually_checked,,,candidate_biography,Codex visual transcription; no second reviewer,bda0a8b593813a9e43bb30584e556003be1ffa80f220993c079de868feefd68c,2026-09-11T02:59:03.967292+00:00,https://sec2021.bihar.gov.in/ForPublicPDF_P/Documents4/NominationDoc/20211001114007228.pdf#page=9,education_pages/33_2_330020029_4_p09.png,True
33,2,330020018,1,33_2_330020018_1,2021,3,कैस  अंसारी,मोहम्मद  कैस  अंसारी (विजेता),False,पुरुष ,61,https://sec2021.bihar.gov.in/ForPublicPDF_P/Documents4/NominationDoc/20210928084741230.pdf,https://sec25.bihar.gov.in/sec_new/Panchayat/ContestingCandidates?handler=GetContestingCandidates&postId=3&districtId=33&blockId=2&panchayatId=330020018&ward=&psn=-1&jpn=-1&phase=2021_1,https://sec25.bihar.gov.in/sec_new/Panchayat/Result?handler=GetResult&postId=3&districtId=33&blockId=2&panchayatId=330020018&ward=&psn=-1&jpn=-1&phase=2021_1,9,NINTH,below_secondary,0,0,0,E.B.C.,,visually_checked,"Biography names MOHAMMAD KAIS ANSARI, consistent with longer result name; reservation sex unspecified",,candidate_biography,Codex visual transcription; no second reviewer,705bcc799c23374e4e93a52531122152f7e79e281a8014345e2796839c450937,2026-09-11T02:59:08.690232+00:00,https://sec2021.bihar.gov.in/ForPublicPDF_P/Documents4/NominationDoc/20210928084741230.pdf#page=9,education_pages/33_2_330020018_1_p09.png,True
33,2,330020021,5,33_2_330020021_5,2021,3,धनी देवी, धनी देवी (विजेता),True,महिला,21,https://sec2021.bihar.gov.in/ForPublicPDF_P/Documents4/NominationDoc/20210927185532861.pdf,https://sec25.bihar.gov.in/sec_new/Panchayat/ContestingCandidates?handler=GetContestingCandidates&postId=3&districtId=33&blockId=2&panchayatId=330020021&ward=&psn=-1&jpn=-1&phase=2021_1,https://sec25.bihar.gov.in/sec_new/Panchayat/Result?handler=GetResult&postId=3&districtId=33&blockId=2&panchayatId=330020021&ward=&psn=-1&jpn=-1&phase=2021_1,9,साक्षर,literate,0,0,1,पिछड़ा वर्ग महिला,1,visually_checked,Gram kachahari sarpanch in 2006 and 2011,,candidate_biography,Codex visual transcription; no second reviewer,865a7b770c7fd4372df6431b13ddf78324b3c4f55ca5e0938ef096a198d6542a,2026-09-11T02:59:14.983497+00:00,https://sec2021.bihar.gov.in/ForPublicPDF_P/Documents4/NominationDoc/20210927185532861.pdf#page=9,education_pages/33_2_330020021_5_p09.png,True
33,2,330020023,5,33_2_330020023_5,2021,3,राजदेव पासवान, राजदेव पासवान (विजेता),True,पुरुष ,38,https://sec2021.bihar.gov.in/ForPublicPDF_P/Documents4/NominationDoc/20211001150127906.pdf,https://sec25.bihar.gov.in/sec_new/Panchayat/ContestingCandidates?handler=GetContestingCandidates&postId=3&districtId=33&blockId=2&panchayatId=330020023&ward=&psn=-1&jpn=-1&phase=2021_1,https://sec25.bihar.gov.in/sec_new/Panchayat/Result?handler=GetResult&postId=3&districtId=33&blockId=2&panchayatId=330020023&ward=&psn=-1&jpn=-1&phase=2021_1,10,MATRIC,secondary,0,0,0,S.C.,,visually_checked,Reservation sex unspecified,,candidate_biography,Codex visual transcription; no second reviewer,05ae395f1025ac04d4e33422e374774ac7ce5f04375036263f78bcedbdf7ceb2,2026-09-11T02:59:17.180366+00:00,https://sec2021.bihar.gov.in/ForPublicPDF_P/Documents4/NominationDoc/20211001150127906.pdf#page=10,education_pages/33_2_330020023_5_p10.png,True
33,2,330020024,3,33_2_330020024_3,2021,3,गीता देवी, गीता देवी (विजेता),True,महिला,45,https://sec2021.bihar.gov.in/ForPublicPDF_P/Documents4/NominationDoc/20211001120415201.pdf,https://sec25.bihar.gov.in/sec_new/Panchayat/ContestingCandidates?handler=GetContestingCandidates&postId=3&districtId=33&blockId=2&panchayatId=330020024&ward=&psn=-1&jpn=-1&phase=2021_1,https://sec25.bihar.gov.in/sec_new/Panchayat/Result?handler=GetResult&postId=3&districtId=33&blockId=2&panchayatId=330020024&ward=&psn=-1&jpn=-1&phase=2021_1,8,मैट्रिक,secondary,0,0,0,अनारक्षित,0,visually_checked,,,candidate_biography,Codex visual transcription; no second reviewer,b2ed68a3a73eae36e67900565ac56c7cc3ce49c80604b45214f1f330cadd2f63,2026-09-11T02:59:18.726246+00:00,https://sec2021.bihar.gov.in/ForPublicPDF_P/Documents4/NominationDoc/20211001120415201.pdf#page=8,education_pages/33_2_330020024_3_p08.png,True
33,2,330020028,4,33_2_330020028_4,2021,3,संजू देवी, संजू देवी (विजेता),True,महिला,40,https://sec2021.bihar.gov.in/ForPublicPDF_P/Documents4/NominationDoc/20210929065303626.pdf,https://sec25.bihar.gov.in/sec_new/Panchayat/ContestingCandidates?handler=GetContestingCandidates&postId=3&districtId=33&blockId=2&panchayatId=330020028&ward=&psn=-1&jpn=-1&phase=2021_1,https://sec25.bihar.gov.in/sec_new/Panchayat/Result?handler=GetResult&postId=3&districtId=33&blockId=2&panchayatId=330020028&ward=&psn=-1&jpn=-1&phase=2021_1,8,साक्षर,literate,0,0,0,सामान्य महिला,1,visually_checked,,,candidate_biography,Codex visual transcription; no second reviewer,d8a34d78b59a7211f5d924457a749ef76b67994735a5fcd9ad476d56a79a7e66,2026-09-11T02:59:26.821079+00:00,https://sec2021.bihar.gov.in/ForPublicPDF_P/Documents4/NominationDoc/20210929065303626.pdf#page=8,education_pages/33_2_330020028_4_p08.png,True
33,2,330020019,4,33_2_330020019_4,2021,3,मुंद्रिका सिंह, मुंद्रिका सिंह (विजेता),True,पुरुष ,39,https://sec2021.bihar.gov.in/ForPublicPDF_P/Documents4/NominationDoc/20210930160437577.pdf,https://sec25.bihar.gov.in/sec_new/Panchayat/ContestingCandidates?handler=GetContestingCandidates&postId=3&districtId=33&blockId=2&panchayatId=330020019&ward=&psn=-1&jpn=-1&phase=2021_1,https://sec25.bihar.gov.in/sec_new/Panchayat/Result?handler=GetResult&postId=3&districtId=33&blockId=2&panchayatId=330020019&ward=&psn=-1&jpn=-1&phase=2021_1,11,INTER,intermediate,0,0,0,GENERAL,0,visually_checked,,,candidate_biography,Codex visual transcription; no second reviewer,7ae5c59bbb786f83740d37d1bd6319fb572aa82a50a742fbe240b72b978c71bf,2026-09-11T02:59:32.081571+00:00,https://sec2021.bihar.gov.in/ForPublicPDF_P/Documents4/NominationDoc/20210930160437577.pdf#page=11,education_pages/33_2_330020019_4_p11.png,True
33,2,330020025,5,33_2_330020025_5,2021,3,विक्रम पासवान, विक्रम पासवान (विजेता),True,पुरुष ,32,https://sec2021.bihar.gov.in/ForPublicPDF_P/Documents4/NominationDoc/20210929074827430.pdf,https://sec25.bihar.gov.in/sec_new/Panchayat/ContestingCandidates?handler=GetContestingCandidates&postId=3&districtId=33&blockId=2&panchayatId=330020025&ward=&psn=-1&jpn=-1&phase=2021_1,https://sec25.bihar.gov.in/sec_new/Panchayat/Result?handler=GetResult&postId=3&districtId=33&blockId=2&panchayatId=330020025&ward=&psn=-1&jpn=-1&phase=2021_1,9,MATRIC,secondary,0,0,1,S.C.,,visually_checked,Reservation sex unspecified,,candidate_biography,Codex visual transcription; no second reviewer,8a84daa8370cba26c8a39e58e1151653be64a078d55f53bfe5e7b4cc3fa10401,2026-09-11T02:59:38.887447+00:00,https://sec2021.bihar.gov.in/ForPublicPDF_P/Documents4/NominationDoc/20210929074827430.pdf#page=9,education_pages/33_2_330020025_5_p09.png,True
33,2,330020030,3,33_2_330020030_3,2021,3,मंटु कुमार पटेल, मंटु कुमार पटेल (विजेता),True,पुरुष ,31,https://sec2021.bihar.gov.in/ForPublicPDF_P/Documents4/NominationDoc/20210929074343231.pdf,https://sec25.bihar.gov.in/sec_new/Panchayat/ContestingCandidates?handler=GetContestingCandidates&postId=3&districtId=33&blockId=2&panchayatId=330020030&ward=&psn=-1&jpn=-1&phase=2021_1,https://sec25.bihar.gov.in/sec_new/Panchayat/Result?handler=GetResult&postId=3&districtId=33&blockId=2&panchayatId=330020030&ward=&psn=-1&jpn=-1&phase=2021_1,8,स्नातक इंजिनियरिंग (B.tech - Biotechnology),graduate,1,0,1,अनारक्षित,0,visually_checked,,,candidate_biography,Codex visual transcription; no second reviewer,02d9947e9af655da3340b470b164f07f73a6258f130b98a4973603769d6a5c67,2026-09-11T02:59:44.642032+00:00,https://sec2021.bihar.gov.in/ForPublicPDF_P/Documents4/NominationDoc/20210929074343231.pdf#page=8,education_pages/33_2_330020030_3_p08.png,True
33,2,330020027,1,33_2_330020027_1,2021,3,अशोक कुमार शर्मा, अशोक कुमार शर्मा (विजेता),True,पुरुष ,44,https://sec2021.bihar.gov.in/ForPublicPDF_P/Documents4/NominationDoc/20210927171102501.pdf,https://sec25.bihar.gov.in/sec_new/Panchayat/ContestingCandidates?handler=GetContestingCandidates&postId=3&districtId=33&blockId=2&panchayatId=330020027&ward=&psn=-1&jpn=-1&phase=2021_1,https://sec25.bihar.gov.in/sec_new/Panchayat/Result?handler=GetResult&postId=3&districtId=33&blockId=2&panchayatId=330020027&ward=&psn=-1&jpn=-1&phase=2021_1,8,स्नातक,graduate,1,0,0,अनारक्षित,0,visually_checked,Education from candidate affidavit,7,candidate_biography,Codex visual transcription; no second reviewer,d1f88126055625f4548f3f48a44428866ba32dd1407721c7da5a5ac9a58002f4,2026-09-11T02:59:49.798389+00:00,https://sec2021.bihar.gov.in/ForPublicPDF_P/Documents4/NominationDoc/20210927171102501.pdf#page=8,education_pages/33_2_330020027_1_p08.png,True
33,2,330020016,2,33_2_330020016_2,2021,3,दुखनी देवी, दुखनी देवी (विजेता),True,महिला,48,https://sec2021.bihar.gov.in/ForPublicPDF_P/Documents4/NominationDoc/20211001204846693.pdf,https://sec25.bihar.gov.in/sec_new/Panchayat/ContestingCandidates?handler=GetContestingCandidates&postId=3&districtId=33&blockId=2&panchayatId=330020016&ward=&psn=-1&jpn=-1&phase=2021_1,https://sec25.bihar.gov.in/sec_new/Panchayat/Result?handler=GetResult&postId=3&districtId=33&blockId=2&panchayatId=330020016&ward=&psn=-1&jpn=-1&phase=2021_1,12,LITERATE,literate,0,0,1,Schedule Cast Leady,1,visually_checked,,,candidate_biography,Codex visual transcription; no second reviewer,23412e733cea70fc7f22f6bca65b1ed56efc95120e91ae4c63ce2ffd5563af54,2026-09-11T02:59:57.240235+00:00,https://sec2021.bihar.gov.in/ForPublicPDF_P/Documents4/NominationDoc/20211001204846693.pdf#page=12,education_pages/33_2_330020016_2_p12.png,True
33,2,330020020,2,33_2_330020020_2,2021,3,पूजा कुमारी, पूजा कुमारी (विजेता),True,महिला,28,https://sec2021.bihar.gov.in/ForPublicPDF_P/Documents4/NominationDoc/20210930151007148.pdf,https://sec25.bihar.gov.in/sec_new/Panchayat/ContestingCandidates?handler=GetContestingCandidates&postId=3&districtId=33&blockId=2&panchayatId=330020020&ward=&psn=-1&jpn=-1&phase=2021_1,https://sec25.bihar.gov.in/sec_new/Panchayat/Result?handler=GetResult&postId=3&districtId=33&blockId=2&panchayatId=330020020&ward=&psn=-1&jpn=-1&phase=2021_1,12,I.Sc,ambiguous,,0,0,General Mahila,1,needs_review,Initial in I.Sc-like qualification uncertain; page 11 repeats same handwriting; degree status unassigned,11,candidate_biography,Codex visual transcription; no second reviewer,a786f3fe8cc253911b9ef7a4a916b190779489ce1ad4d5b3a79b06c9901bf66e,2026-09-11T02:59:57.949565+00:00,https://sec2021.bihar.gov.in/ForPublicPDF_P/Documents4/NominationDoc/20210930151007148.pdf#page=12,education_pages/33_2_330020020_2_p12.png,True
33,2,330020026,3,33_2_330020026_3,2021,3,पूनम देवी, पूनम देवी (विजेता),True,महिला,38,https://sec2021.bihar.gov.in/ForPublicPDF_P/Documents4/NominationDoc/20210927224848414.pdf,https://sec25.bihar.gov.in/sec_new/Panchayat/ContestingCandidates?handler=GetContestingCandidates&postId=3&districtId=33&blockId=2&panchayatId=330020026&ward=&psn=-1&jpn=-1&phase=2021_1,https://sec25.bihar.gov.in/sec_new/Panchayat/Result?handler=GetResult&postId=3&districtId=33&blockId=2&panchayatId=330020026&ward=&psn=-1&jpn=-1&phase=2021_1,8,साक्षर,literate,0,0,0,सामान्य,0,visually_checked,,,candidate_biography,Codex visual transcription; no second reviewer,2e858f9f5ddb6f105ece857963926acad085b9938625c644bcbadbf0a1dde894,2026-09-11T03:00:02.485346+00:00,https://sec2021.bihar.gov.in/ForPublicPDF_P/Documents4/NominationDoc/20210927224848414.pdf#page=8,education_pages/33_2_330020026_3_p08.png,True
33,4,330040050,4,33_4_330040050_4,2021,3,मनोज कुमार, मनोज कुमार (विजेता),True,पुरुष ,52,https://sec2021.bihar.gov.in/ForPublicPDF_P/Documents1n2/NominationDoc/20210903151437943.pdf,https://sec25.bihar.gov.in/sec_new/Panchayat/ContestingCandidates?handler=GetContestingCandidates&postId=3&districtId=33&blockId=4&panchayatId=330040050&ward=&psn=-1&jpn=-1&phase=2021_1,https://sec25.bihar.gov.in/sec_new/Panchayat/Result?handler=GetResult&postId=3&districtId=33&blockId=4&panchayatId=330040050&ward=&psn=-1&jpn=-1&phase=2021_1,11,इंटर,intermediate,0,0,0,अनारक्षित अन्य,0,visually_checked,,,candidate_biography,Codex visual transcription; no second reviewer,c9f15f0f60f2d732ee6a2bf817c758630e60672033d406d63d55ff66fc6ce8ce,2026-09-11T03:00:04.857778+00:00,https://sec2021.bihar.gov.in/ForPublicPDF_P/Documents1n2/NominationDoc/20210903151437943.pdf#page=11,education_pages/33_4_330040050_4_p11.png,True
33,4,330040057,9,33_4_330040057_9,2021,3,सुखदेव दास, सुखदेव दास (विजेता),True,पुरुष ,27,https://sec2021.bihar.gov.in/ForPublicPDF_P/Documents1n2/NominationDoc/20210904165430993.pdf,https://sec25.bihar.gov.in/sec_new/Panchayat/ContestingCandidates?handler=GetContestingCandidates&postId=3&districtId=33&blockId=4&panchayatId=330040057&ward=&psn=-1&jpn=-1&phase=2021_1,https://sec25.bihar.gov.in/sec_new/Panchayat/Result?handler=GetResult&postId=3&districtId=33&blockId=4&panchayatId=330040057&ward=&psn=-1&jpn=-1&phase=2021_1,11,स्नातक,graduate,1,0,1,आरक्षित अनु जाति अन्य,0,visually_checked,B.A. pass on affidavit page 10 corroborates graduate biography,10,candidate_biography,Codex visual transcription; no second reviewer,1d269811e5fb09691ea4b475dee7b86fe15028195496a0b0a8a2ecc4956a4112,2026-09-11T03:00:10.502987+00:00,https://sec2021.bihar.gov.in/ForPublicPDF_P/Documents1n2/NominationDoc/20210904165430993.pdf#page=11,education_pages/33_4_330040057_9_p11.png,True
33,4,330040055,4,33_4_330040055_4,2021,3,रबिशंकर चौधरी, रबिशंकर चौधरी (विजेता),True,पुरुष ,33,https://sec2021.bihar.gov.in/ForPublicPDF_P/Documents1n2/NominationDoc/20210903142312529.pdf,https://sec25.bihar.gov.in/sec_new/Panchayat/ContestingCandidates?handler=GetContestingCandidates&postId=3&districtId=33&blockId=4&panchayatId=330040055&ward=&psn=-1&jpn=-1&phase=2021_1,https://sec25.bihar.gov.in/sec_new/Panchayat/Result?handler=GetResult&postId=3&districtId=33&blockId=4&panchayatId=330040055&ward=&psn=-1&jpn=-1&phase=2021_1,11,स्नातक,graduate,1,0,1,अनारक्षित अन्य,0,visually_checked,,,candidate_biography,Codex visual transcription; no second reviewer,5ec96b9a1d903f8b25210b05d40bea81015d7b5941ae5a16663e3ea51ee7b346,2026-09-11T03:00:17.319852+00:00,https://sec2021.bihar.gov.in/ForPublicPDF_P/Documents1n2/NominationDoc/20210903142312529.pdf#page=11,education_pages/33_4_330040055_4_p11.png,True
33,4,330040056,7,33_4_330040056_7,2021,3,रीना देवी, रीना देवी (विजेता),True,महिला,32,https://sec2021.bihar.gov.in/ForPublicPDF_P/Documents1n2/NominationDoc/20210909074534144.pdf,https://sec25.bihar.gov.in/sec_new/Panchayat/ContestingCandidates?handler=GetContestingCandidates&postId=3&districtId=33&blockId=4&panchayatId=330040056&ward=&psn=-1&jpn=-1&phase=2021_1,https://sec25.bihar.gov.in/sec_new/Panchayat/Result?handler=GetResult&postId=3&districtId=33&blockId=4&panchayatId=330040056&ward=&psn=-1&jpn=-1&phase=2021_1,11,साक्षर,literate,0,0,1,अनारक्षित महिला,1,visually_checked,,,candidate_biography,Codex visual transcription; no second reviewer,1fb4e84afd2929bde0983f50d7dd6dd424c0df9f67a3316356e2700b497efd27,2026-09-11T03:00:27.023052+00:00,https://sec2021.bihar.gov.in/ForPublicPDF_P/Documents1n2/NominationDoc/20210909074534144.pdf#page=11,education_pages/33_4_330040056_7_p11.png,True
33,4,330040054,1,33_4_330040054_1,2021,3,जिमेदार सिंह, जिमेदार सिंह (विजेता),True,पुरुष ,50,https://sec2021.bihar.gov.in/ForPublicPDF_P/Documents1n2/NominationDoc/20210902162247682.pdf,https://sec25.bihar.gov.in/sec_new/Panchayat/ContestingCandidates?handler=GetContestingCandidates&postId=3&districtId=33&blockId=4&panchayatId=330040054&ward=&psn=-1&jpn=-1&phase=2021_1,https://sec25.bihar.gov.in/sec_new/Panchayat/Result?handler=GetResult&postId=3&districtId=33&blockId=4&panchayatId=330040054&ward=&psn=-1&jpn=-1&phase=2021_1,11,मैट्रिक,secondary,0,0,1,सामान्य,0,visually_checked,Mukhiya in 2011,,candidate_biography,Codex visual transcription; no second reviewer,060d27678a2b870a63ea7852daef9060643a84cf3c9d7a964318fbb2a226a684,2026-09-11T03:00:29.862698+00:00,https://sec2021.bihar.gov.in/ForPublicPDF_P/Documents1n2/NominationDoc/20210902162247682.pdf#page=11,education_pages/33_4_330040054_1_p11.png,True
33,4,330040053,4,33_4_330040053_4,2021,3,ललन कुमार, ललन कुमार (विजेता),True,पुरुष ,44,https://sec2021.bihar.gov.in/ForPublicPDF_P/Documents1n2/NominationDoc/20210909121657954.pdf,https://sec25.bihar.gov.in/sec_new/Panchayat/ContestingCandidates?handler=GetContestingCandidates&postId=3&districtId=33&blockId=4&panchayatId=330040053&ward=&psn=-1&jpn=-1&phase=2021_1,https://sec25.bihar.gov.in/sec_new/Panchayat/Result?handler=GetResult&postId=3&districtId=33&blockId=4&panchayatId=330040053&ward=&psn=-1&jpn=-1&phase=2021_1,11,I.A. Passed out,intermediate,0,0,1,पिछड़ा वर्ग,,visually_checked,"Reservation sex unspecified; ward member 2006, samiti 2011, mukhiya 2016",,candidate_biography,Codex visual transcription; no second reviewer,3edc0a220f506d4fdf7075bf599930d0d5bef73341429857dbc92eb1a543eced,2026-09-11T03:00:35.431926+00:00,https://sec2021.bihar.gov.in/ForPublicPDF_P/Documents1n2/NominationDoc/20210909121657954.pdf#page=11,education_pages/33_4_330040053_4_p11.png,True
33,4,330040051,6,33_4_330040051_6,2021,3,सुनिता देवी, सुनिता देवी 1 (विजेता),False,महिला,38,https://sec2021.bihar.gov.in/ForPublicPDF_P/Documents1n2/NominationDoc/20210903195824803.pdf,https://sec25.bihar.gov.in/sec_new/Panchayat/ContestingCandidates?handler=GetContestingCandidates&postId=3&districtId=33&blockId=4&panchayatId=330040051&ward=&psn=-1&jpn=-1&phase=2021_1,https://sec25.bihar.gov.in/sec_new/Panchayat/Result?handler=GetResult&postId=3&districtId=33&blockId=4&panchayatId=330040051&ward=&psn=-1&jpn=-1&phase=2021_1,11,मैट्रिक,secondary,0,0,0,सुरक्षित महिला,1,visually_checked,Candidate biography names Sunita Devi; result suffix 1 retained in result_name,,candidate_biography,Codex visual transcription; no second reviewer,b6ddfd6ae5c1264572d2b309a6ca6be10813fc098c320137c326f7e0eb901e4f,2026-09-11T03:00:35.928602+00:00,https://sec2021.bihar.gov.in/ForPublicPDF_P/Documents1n2/NominationDoc/20210903195824803.pdf#page=11,education_pages/33_4_330040051_6_p11.png,True
33,4,330040052,8,33_4_330040052_8,2021,3,सोभा देवी, सोभा देवी (विजेता),True,महिला,51,https://sec2021.bihar.gov.in/ForPublicPDF_P/Documents1n2/NominationDoc/20210903220907583.pdf,https://sec25.bihar.gov.in/sec_new/Panchayat/ContestingCandidates?handler=GetContestingCandidates&postId=3&districtId=33&blockId=4&panchayatId=330040052&ward=&psn=-1&jpn=-1&phase=2021_1,https://sec25.bihar.gov.in/sec_new/Panchayat/Result?handler=GetResult&postId=3&districtId=33&blockId=4&panchayatId=330040052&ward=&psn=-1&jpn=-1&phase=2021_1,11,सप्तम उत्तीर्ण,below_secondary,0,0,0,महिला सामान्य,1,visually_checked,Grade seven,,candidate_biography,Codex visual transcription; no second reviewer,023ecd4d4f44f29025adfcb96f7228868d7225d04962644c056f1f1c6193659c,2026-09-11T03:00:42.450739+00:00,https://sec2021.bihar.gov.in/ForPublicPDF_P/Documents1n2/NominationDoc/20210903220907583.pdf#page=11,education_pages/33_4_330040052_8_p11.png,True
